acc_x,acc_y,acc_z,vel_x,vel_y,vel_z,ang_acc_roll,ang_acc_pitch,ang_acc_yaw,ang_vel_roll,ang_vel_pitch,ang_vel_yaw,x,y,z,roll,pitch,yaw,u1,u2,u3,x1,x2,x3,x4,x5,x6,u1_d,u2_d,u3_d,pwm_1,pwm_2,pwm_3
0.0,0.0,0.0,0.0,0.0,0.0,0.0,0.0,0.0,0.0,0.0,0.0,0.1,-0.1,-28.34,0.0,0.0,0.0,0.0,0.0,0.0,1.5,0.0,0.0,0.0,0.0,0.0,0.0,0.0,0.0,0.0,0.0,0.0
5.0,0.0,0.0,0.025,0.0,0.0,0.0,0.0,0.0,0.0,0.0,0.0,0.1,-0.1,-28.34,0.0,0.0,0.0,0.0,0.0,0.0,1.5,0.0,0.0,0.0,0.0,0.0,0.0,0.0,0.0,0.0,0.0,0.0
5.0,0.0,0.0,0.05,0.0,0.0,0.0,0.0,0.0,0.0,0.0,0.0,0.1,-0.1,-28.34,0.0,0.0,0.0,0.0,0.0,0.0,1.5,0.0,0.0,0.0,0.0,0.0,0.0,0.0,0.0,0.0,0.0,0.0
5.0,0.0,0.0,0.075,0.0,0.0,0.0,0.0,0.0,0.0,0.0,0.0,0.101,-0.1,-28.34,0.0,0.0,0.0,0.0,0.0,0.0,1.5,0.0,0.0,0.0,0.0,0.0,0.0,0.0,0.0,0.0,0.0,0.0
5.0,0.0,0.0,0.1,0.0,0.0,0.0,0.0,0.0,0.0,0.0,0.0,0.101,-0.1,-28.34,0.0,0.0,0.0,0.0,0.0,0.0,1.5,0.0,0.0,0.0,0.0,0.0,0.0,0.0,0.0,0.0,0.0,0.0
5.0,0.0,0.0,0.125,0.0,0.0,0.0,0.0,0.0,0.0,0.0,0.0,0.102,-0.1,-28.34,0.0,0.0,0.0,0.0,0.0,0.0,1.5,0.0,0.0,0.0,0.0,0.0,0.0,0.0,0.0,0.0,0.0,0.0
5.0,0.0,0.0,0.15,0.0,0.0,0.0,0.0,0.0,0.0,0.0,0.0,0.102,-0.1,-28.34,0.0,0.0,0.0,0.0,0.0,0.0,1.5,0.0,0.0,0.0,0.0,0.0,0.0,0.0,0.0,0.0,0.0,0.0
5.0,0.0,0.0,0.175,0.0,0.0,0.0,0.0,0.0,0.0,0.0,0.0,0.103,-0.1,-28.34,0.0,0.0,0.0,0.0,0.0,0.0,1.5,0.0,0.0,0.0,0.0,0.0,0.0,0.0,0.0,0.0,0.0,0.0
5.0,0.0,0.0,0.2,0.0,0.0,0.0,0.0,0.0,0.0,0.0,0.0,0.104,-0.1,-28.34,0.0,0.0,0.0,0.0,0.0,0.0,1.5,0.0,0.0,0.0,0.0,0.0,0.0,0.0,0.0,0.0,0.0,0.0
5.0,0.0,0.0,0.225,0.0,0.0,0.0,0.0,0.0,0.0,0.0,0.0,0.105,-0.1,-28.34,0.0,0.0,0.0,0.0,0.0,0.0,1.5,0.0,0.0,0.0,0.0,0.0,0.0,0.0,0.0,0.0,0.0,0.0
5.0,0.0,0.0,0.25,0.0,0.0,0.0,0.0,0.0,0.0,0.0,0.0,0.107,-0.1,-28.34,0.0,0.0,0.0,0.0,0.0,0.0,1.5,0.0,0.0,0.0,0.0,0.0,0.0,0.0,0.0,0.0,0.0,0.0
5.0,0.0,0.0,0.275,0.0,0.0,0.0,0.0,0.0,0.0,0.0,0.0,0.108,-0.1,-28.34,0.0,0.0,0.0,0.0,0.0,0.0,1.5,0.0,0.0,0.0,0.0,0.0,0.0,0.0,0.0,0.0,0.0,0.0
5.0,0.0,0.0,0.3,0.0,0.0,0.0,0.0,0.0,0.0,0.0,0.0,0.109,-0.1,-28.34,0.0,0.0,0.0,0.0,0.0,0.0,1.5,0.0,0.0,0.0,0.0,0.0,0.0,0.0,0.0,0.0,0.0,0.0
5.0,0.0,0.0,0.325,0.0,0.0,0.0,0.0,0.0,0.0,0.0,0.0,0.111,-0.1,-28.34,0.0,0.0,0.0,0.0,0.0,0.0,1.5,0.0,0.0,0.0,0.0,0.0,0.0,0.0,0.0,0.0,0.0,0.0
5.0,0.0,0.0,0.35,0.0,0.0,0.0,0.0,0.0,0.0,0.0,0.0,0.113,-0.1,-28.34,0.0,0.0,0.0,0.0,0.0,0.0,1.5,0.0,0.0,0.0,0.0,0.0,0.0,0.0,0.0,0.0,0.0,0.0
5.0,0.0,0.0,0.375,0.0,0.0,0.0,0.0,0.0,0.0,0.0,0.0,0.115,-0.1,-28.34,0.0,0.0,0.0,0.0,0.0,0.0,1.5,0.0,0.0,0.0,0.0,0.0,0.0,0.0,0.0,0.0,0.0,0.0
5.0,0.0,0.0,0.4,0.0,0.0,0.0,0.0,0.0,0.0,0.0,0.0,0.117,-0.1,-28.34,0.0,0.0,0.0,0.0,0.0,0.0,1.5,0.0,0.0,0.0,0.0,0.0,0.0,0.0,0.0,0.0,0.0,0.0
5.0,0.0,0.0,0.425,0.0,0.0,0.0,0.0,0.0,0.0,0.0,0.0,0.119,-0.1,-28.34,0.0,0.0,0.0,0.0,0.0,0.0,1.5,0.0,0.0,0.0,0.0,0.0,0.0,0.0,0.0,0.0,0.0,0.0
5.0,0.0,0.0,0.45,0.0,0.0,0.0,0.0,0.0,0.0,0.0,0.0,0.121,-0.1,-28.34,0.0,0.0,0.0,0.0,0.0,0.0,1.5,0.0,0.0,0.0,0.0,0.0,0.0,0.0,0.0,0.0,0.0,0.0
5.0,0.0,0.0,0.475,0.0,0.0,0.0,0.0,0.0,0.0,0.0,0.0,0.123,-0.1,-28.34,0.0,0.0,0.0,0.0,0.0,0.0,1.5,0.0,0.0,0.0,0.0,0.0,0.0,0.0,0.0,0.0,0.0,0.0
5.0,0.0,0.0,0.5,0.0,0.0,0.0,0.0,0.0,0.0,0.0,0.0,0.126,-0.1,-28.34,0.0,0.0,0.0,0.0,0.0,0.0,1.5,0.0,0.0,0.0,0.0,0.0,0.0,0.0,0.0,0.0,0.0,0.0
5.0,0.0,0.0,0.525,0.0,0.0,0.0,0.0,0.0,0.0,0.0,0.0,0.128,-0.1,-28.34,0.0,0.0,0.0,0.0,0.0,0.0,1.5,0.0,0.0,0.0,0.0,0.0,0.0,0.0,0.0,0.0,0.0,0.0
5.0,0.0,0.0,0.55,0.0,0.0,0.0,0.0,0.0,0.0,0.0,0.0,0.131,-0.1,-28.34,0.0,0.0,0.0,0.0,0.0,0.0,1.5,0.0,0.0,0.0,0.0,0.0,0.0,0.0,0.0,0.0,0.0,0.0
5.0,0.0,0.0,0.575,0.0,0.0,0.0,0.0,0.0,0.0,0.0,0.0,0.134,-0.1,-28.34,0.0,0.0,0.0,0.0,0.0,0.0,1.5,0.0,0.0,0.0,0.0,0.0,0.0,0.0,0.0,0.0,0.0,0.0
5.0,0.0,0.0,0.6,0.0,0.0,0.0,0.0,0.0,0.0,0.0,0.0,0.137,-0.1,-28.34,0.0,0.0,0.0,0.0,0.0,0.0,1.5,0.0,0.0,0.0,0.0,0.0,0.0,0.0,0.0,0.0,0.0,0.0
5.0,0.0,0.0,0.625,0.0,0.0,0.0,0.0,0.0,0.0,0.0,0.0,0.14,-0.1,-28.34,0.0,0.0,0.0,0.0,0.0,0.0,1.5,0.0,0.0,0.0,0.0,0.0,0.0,0.0,0.0,0.0,0.0,0.0
5.0,0.0,0.0,0.65,0.0,0.0,0.0,0.0,0.0,0.0,0.0,0.0,0.143,-0.1,-28.34,0.0,0.0,0.0,0.0,0.0,0.0,1.5,0.0,0.0,0.0,0.0,0.0,0.0,0.0,0.0,0.0,0.0,0.0
5.0,0.0,0.0,0.675,0.0,0.0,0.0,0.0,0.0,0.0,0.0,0.0,0.146,-0.1,-28.34,0.0,0.0,0.0,0.0,0.0,0.0,1.5,0.0,0.0,0.0,0.0,0.0,0.0,0.0,0.0,0.0,0.0,0.0
5.0,0.0,0.0,0.7,0.0,0.0,0.0,0.0,0.0,0.0,0.0,0.0,0.15,-0.1,-28.34,0.0,0.0,0.0,0.0,0.0,0.0,1.5,0.0,0.0,0.0,0.0,0.0,0.0,0.0,0.0,0.0,0.0,0.0
5.0,0.0,0.0,0.725,0.0,0.0,0.0,0.0,0.0,0.0,0.0,0.0,0.153,-0.1,-28.34,0.0,0.0,0.0,0.0,0.0,0.0,1.5,0.0,0.0,0.0,0.0,0.0,0.0,0.0,0.0,0.0,0.0,0.0
5.0,0.0,0.0,0.75,0.0,0.0,0.0,0.0,0.0,0.0,0.0,0.0,0.157,-0.1,-28.34,0.0,0.0,0.0,0.0,0.0,0.0,1.5,0.0,0.0,0.0,0.0,0.0,0.0,0.0,0.0,0.0,0.0,0.0
5.0,0.0,0.0,0.775,0.0,0.0,0.0,0.0,0.0,0.0,0.0,0.0,0.161,-0.1,-28.34,0.0,0.0,0.0,0.0,0.0,0.0,1.5,0.0,0.0,0.0,0.0,0.0,0.0,0.0,0.0,0.0,0.0,0.0
5.0,0.0,0.0,0.8,0.0,0.0,0.0,0.0,0.0,0.0,0.0,0.0,0.165,-0.1,-28.34,0.0,0.0,0.0,0.0,0.0,0.0,1.5,0.0,0.0,0.0,0.0,0.0,0.0,0.0,0.0,0.0,0.0,0.0
5.0,0.0,0.0,0.825,0.0,0.0,0.0,0.0,0.0,0.0,0.0,0.0,0.169,-0.1,-28.34,0.0,0.0,0.0,0.0,0.0,0.0,1.5,0.0,0.0,0.0,0.0,0.0,0.0,0.0,0.0,0.0,0.0,0.0
5.0,0.0,0.0,0.85,0.0,0.0,0.0,0.0,0.0,0.0,0.0,0.0,0.173,-0.1,-28.34,0.0,0.0,0.0,0.0,0.0,0.0,1.5,0.0,0.0,0.0,0.0,0.0,0.0,0.0,0.0,0.0,0.0,0.0
5.0,0.0,0.0,0.875,0.0,0.0,0.0,0.0,0.0,0.0,0.0,0.0,0.178,-0.1,-28.34,0.0,0.0,0.0,0.0,0.0,0.0,1.5,0.0,0.0,0.0,0.0,0.0,0.0,0.0,0.0,0.0,0.0,0.0
5.0,0.0,0.0,0.9,0.0,0.0,0.0,0.0,0.0,0.0,0.0,0.0,0.182,-0.1,-28.34,0.0,0.0,0.0,0.0,0.0,0.0,1.5,0.0,0.0,0.0,0.0,0.0,0.0,0.0,0.0,0.0,0.0,0.0
5.0,0.0,0.0,0.925,0.0,0.0,0.0,0.0,0.0,0.0,0.0,0.0,0.187,-0.1,-28.34,0.0,0.0,0.0,0.0,0.0,0.0,1.5,0.0,0.0,0.0,0.0,0.0,0.0,0.0,0.0,0.0,0.0,0.0
5.0,0.0,0.0,0.95,0.0,0.0,0.0,0.0,0.0,0.0,0.0,0.0,0.191,-0.1,-28.34,0.0,0.0,0.0,0.0,0.0,0.0,1.5,0.0,0.0,0.0,0.0,0.0,0.0,0.0,0.0,0.0,0.0,0.0
5.0,0.0,0.0,0.975,0.0,0.0,0.0,0.0,0.0,0.0,0.0,0.0,0.196,-0.1,-28.34,0.0,0.0,0.0,0.0,0.0,0.0,1.5,0.0,0.0,0.0,0.0,0.0,0.0,0.0,0.0,0.0,0.0,0.0
5.0,0.0,0.0,1.0,0.0,0.0,0.0,0.0,0.0,0.0,0.0,0.0,0.201,-0.1,-28.34,0.0,0.0,0.0,0.0,0.0,0.0,1.5,0.0,0.0,0.0,0.0,0.0,0.0,0.0,0.0,0.0,0.0,0.0
5.0,0.0,0.0,1.025,0.0,0.0,0.0,0.0,0.0,0.0,0.0,0.0,0.206,-0.1,-28.34,0.0,0.0,0.0,0.0,0.0,0.0,1.5,0.0,0.0,0.0,0.0,0.0,0.0,0.0,0.0,0.0,0.0,0.0
5.0,0.0,0.0,1.05,0.0,0.0,0.0,0.0,0.0,0.0,0.0,0.0,0.212,-0.1,-28.34,0.0,0.0,0.0,0.0,0.0,0.0,1.5,0.0,0.0,0.0,0.0,0.0,0.0,0.0,0.0,0.0,0.0,0.0
5.0,0.0,0.0,1.075,0.0,0.0,0.0,0.0,0.0,0.0,0.0,0.0,0.217,-0.1,-28.34,0.0,0.0,0.0,0.0,0.0,0.0,1.5,0.0,0.0,0.0,0.0,0.0,0.0,0.0,0.0,0.0,0.0,0.0
5.0,0.0,0.0,1.1,0.0,0.0,0.0,0.0,0.0,0.0,0.0,0.0,0.222,-0.1,-28.34,0.0,0.0,0.0,0.0,0.0,0.0,1.5,0.0,0.0,0.0,0.0,0.0,0.0,0.0,0.0,0.0,0.0,0.0
5.0,0.0,0.0,1.125,0.0,0.0,0.0,0.0,0.0,0.0,0.0,0.0,0.228,-0.1,-28.34,0.0,0.0,0.0,0.0,0.0,0.0,1.5,0.0,0.0,0.0,0.0,0.0,0.0,0.0,0.0,0.0,0.0,0.0
5.0,0.0,0.0,1.15,0.0,0.0,0.0,0.0,0.0,0.0,0.0,0.0,0.234,-0.1,-28.34,0.0,0.0,0.0,0.0,0.0,0.0,1.5,0.0,0.0,0.0,0.0,0.0,0.0,0.0,0.0,0.0,0.0,0.0
5.0,0.0,0.0,1.175,0.0,0.0,0.0,0.0,0.0,0.0,0.0,0.0,0.24,-0.1,-28.34,0.0,0.0,0.0,0.0,0.0,0.0,1.5,0.0,0.0,0.0,0.0,0.0,0.0,0.0,0.0,0.0,0.0,0.0
5.0,0.0,0.0,1.2,0.0,0.0,0.0,0.0,0.0,0.0,0.0,0.0,0.245,-0.1,-28.34,0.0,0.0,0.0,0.0,0.0,0.0,1.5,0.0,0.0,0.0,0.0,0.0,0.0,0.0,0.0,0.0,0.0,0.0
5.0,0.0,0.0,1.225,0.0,0.0,0.0,0.0,0.0,0.0,0.0,0.0,0.252,-0.1,-28.34,0.0,0.0,0.0,0.0,0.0,0.0,1.5,0.0,0.0,0.0,0.0,0.0,0.0,0.0,0.0,0.0,0.0,0.0
5.0,0.0,0.0,1.25,0.0,0.0,0.0,0.0,0.0,0.0,0.0,0.0,0.258,-0.1,-28.34,0.0,0.0,0.0,0.0,0.0,0.0,1.5,0.0,0.0,0.0,0.0,0.0,0.0,0.0,0.0,0.0,0.0,0.0
5.0,0.0,0.0,1.275,0.0,0.0,0.0,0.0,0.0,0.0,0.0,0.0,0.264,-0.1,-28.34,0.0,0.0,0.0,0.0,0.0,0.0,1.5,0.0,0.0,0.0,0.0,0.0,0.0,0.0,0.0,0.0,0.0,0.0
5.0,0.0,0.0,1.3,0.0,0.0,0.0,0.0,0.0,0.0,0.0,0.0,0.271,-0.1,-28.34,0.0,0.0,0.0,0.0,0.0,0.0,1.5,0.0,0.0,0.0,0.0,0.0,0.0,0.0,0.0,0.0,0.0,0.0
5.0,0.0,0.0,1.325,0.0,0.0,0.0,0.0,0.0,0.0,0.0,0.0,0.277,-0.1,-28.34,0.0,0.0,0.0,0.0,0.0,0.0,1.5,0.0,0.0,0.0,0.0,0.0,0.0,0.0,0.0,0.0,0.0,0.0
5.0,0.0,0.0,1.35,0.0,0.0,0.0,0.0,0.0,0.0,0.0,0.0,0.284,-0.1,-28.34,0.0,0.0,0.0,0.0,0.0,0.0,1.5,0.0,0.0,0.0,0.0,0.0,0.0,0.0,0.0,0.0,0.0,0.0
5.0,0.0,0.0,1.375,0.0,0.0,0.0,0.0,0.0,0.0,0.0,0.0,0.291,-0.1,-28.34,0.0,0.0,0.0,0.0,0.0,0.0,1.5,0.0,0.0,0.0,0.0,0.0,0.0,0.0,0.0,0.0,0.0,0.0
5.0,0.0,0.0,1.4,0.0,0.0,0.0,0.0,0.0,0.0,0.0,0.0,0.298,-0.1,-28.34,0.0,0.0,0.0,0.0,0.0,0.0,1.5,0.0,0.0,0.0,0.0,0.0,0.0,0.0,0.0,0.0,0.0,0.0
5.0,0.0,0.0,1.425,0.0,0.0,0.0,0.0,0.0,0.0,0.0,0.0,0.305,-0.1,-28.34,0.0,0.0,0.0,0.0,0.0,0.0,1.5,0.0,0.0,0.0,0.0,0.0,0.0,0.0,0.0,0.0,0.0,0.0
5.0,0.0,0.0,1.45,0.0,0.0,0.0,0.0,0.0,0.0,0.0,0.0,0.312,-0.1,-28.34,0.0,0.0,0.0,0.0,0.0,0.0,1.5,0.0,0.0,0.0,0.0,0.0,0.0,0.0,0.0,0.0,0.0,0.0
5.0,0.0,0.0,1.475,0.0,0.0,0.0,0.0,0.0,0.0,0.0,0.0,0.319,-0.1,-28.34,0.0,0.0,0.0,0.0,0.0,0.0,1.5,0.0,0.0,0.0,0.0,0.0,0.0,0.0,0.0,0.0,0.0,0.0
5.0,0.0,0.0,1.5,0.0,0.0,0.0,0.0,0.0,0.0,0.0,0.0,0.327,-0.1,-28.34,0.0,0.0,0.0,0.0,0.0,0.0,1.5,0.0,0.0,0.0,0.0,0.0,0.0,0.0,0.0,0.0,0.0,0.0
5.0,0.0,0.0,1.525,0.0,0.0,0.0,0.0,0.0,0.0,0.0,0.0,0.334,-0.1,-28.34,0.0,0.0,0.0,0.0,0.0,0.0,1.5,0.0,0.0,0.0,0.0,0.0,0.0,0.0,0.0,0.0,0.0,0.0
5.0,0.0,0.0,1.55,0.0,0.0,0.0,0.0,0.0,0.0,0.0,0.0,0.342,-0.1,-28.34,0.0,0.0,0.0,0.0,0.0,0.0,1.5,0.0,0.0,0.0,0.0,0.0,0.0,0.0,0.0,0.0,0.0,0.0
5.0,0.0,0.0,1.575,0.0,0.0,0.0,0.0,0.0,0.0,0.0,0.0,0.35,-0.1,-28.34,0.0,0.0,0.0,0.0,0.0,0.0,1.5,0.0,0.0,0.0,0.0,0.0,0.0,0.0,0.0,0.0,0.0,0.0
5.0,0.0,0.0,1.6,0.0,0.0,0.0,0.0,0.0,0.0,0.0,0.0,0.358,-0.1,-28.34,0.0,0.0,0.0,0.0,0.0,0.0,1.5,0.0,0.0,0.0,0.0,0.0,0.0,0.0,0.0,0.0,0.0,0.0
5.0,0.0,0.0,1.625,0.0,0.0,0.0,0.0,0.0,0.0,0.0,0.0,0.366,-0.1,-28.34,0.0,0.0,0.0,0.0,0.0,0.0,1.5,0.0,0.0,0.0,0.0,0.0,0.0,0.0,0.0,0.0,0.0,0.0
5.0,0.0,0.0,1.65,0.0,0.0,0.0,0.0,0.0,0.0,0.0,0.0,0.374,-0.1,-28.34,0.0,0.0,0.0,0.0,0.0,0.0,1.5,0.0,0.0,0.0,0.0,0.0,0.0,0.0,0.0,0.0,0.0,0.0
5.0,0.0,0.0,1.675,0.0,0.0,0.0,0.0,0.0,0.0,0.0,0.0,0.383,-0.1,-28.34,0.0,0.0,0.0,0.0,0.0,0.0,1.5,0.0,0.0,0.0,0.0,0.0,0.0,0.0,0.0,0.0,0.0,0.0
5.0,0.0,0.0,1.7,0.0,0.0,0.0,0.0,0.0,0.0,0.0,0.0,0.391,-0.1,-28.34,0.0,0.0,0.0,0.0,0.0,0.0,1.5,0.0,0.0,0.0,0.0,0.0,0.0,0.0,0.0,0.0,0.0,0.0
5.0,0.0,0.0,1.725,0.0,0.0,0.0,0.0,0.0,0.0,0.0,0.0,0.4,-0.1,-28.34,0.0,0.0,0.0,0.0,0.0,0.0,1.5,0.0,0.0,0.0,0.0,0.0,0.0,0.0,0.0,0.0,0.0,0.0
5.0,0.0,0.0,1.75,0.0,0.0,0.0,0.0,0.0,0.0,0.0,0.0,0.408,-0.1,-28.34,0.0,0.0,0.0,0.0,0.0,0.0,1.5,0.0,0.0,0.0,0.0,0.0,0.0,0.0,0.0,0.0,0.0,0.0
5.0,0.0,0.0,1.775,0.0,0.0,0.0,0.0,0.0,0.0,0.0,0.0,0.417,-0.1,-28.34,0.0,0.0,0.0,0.0,0.0,0.0,1.5,0.0,0.0,0.0,0.0,0.0,0.0,0.0,0.0,0.0,0.0,0.0
5.0,0.0,0.0,1.8,0.0,0.0,0.0,0.0,0.0,0.0,0.0,0.0,0.426,-0.1,-28.34,0.0,0.0,0.0,0.0,0.0,0.0,1.5,0.0,0.0,0.0,0.0,0.0,0.0,0.0,0.0,0.0,0.0,0.0
5.0,0.0,0.0,1.825,0.0,0.0,0.0,0.0,0.0,0.0,0.0,0.0,0.435,-0.1,-28.34,0.0,0.0,0.0,0.0,0.0,0.0,1.5,0.0,0.0,0.0,0.0,0.0,0.0,0.0,0.0,0.0,0.0,0.0
5.0,0.0,0.0,1.85,0.0,0.0,0.0,0.0,0.0,0.0,0.0,0.0,0.445,-0.1,-28.34,0.0,0.0,0.0,0.0,0.0,0.0,1.5,0.0,0.0,0.0,0.0,0.0,0.0,0.0,0.0,0.0,0.0,0.0
5.0,0.0,0.0,1.875,0.0,0.0,0.0,0.0,0.0,0.0,0.0,0.0,0.454,-0.1,-28.34,0.0,0.0,0.0,0.0,0.0,0.0,1.5,0.0,0.0,0.0,0.0,0.0,0.0,0.0,0.0,0.0,0.0,0.0
5.0,0.0,0.0,1.9,0.0,0.0,0.0,0.0,0.0,0.0,0.0,0.0,0.463,-0.1,-28.34,0.0,0.0,0.0,0.0,0.0,0.0,1.5,0.0,0.0,0.0,0.0,0.0,0.0,0.0,0.0,0.0,0.0,0.0
5.0,0.0,0.0,1.925,0.0,0.0,0.0,0.0,0.0,0.0,0.0,0.0,0.473,-0.1,-28.34,0.0,0.0,0.0,0.0,0.0,0.0,1.5,0.0,0.0,0.0,0.0,0.0,0.0,0.0,0.0,0.0,0.0,0.0
5.0,0.0,0.0,1.95,0.0,0.0,0.0,0.0,0.0,0.0,0.0,0.0,0.483,-0.1,-28.34,0.0,0.0,0.0,0.0,0.0,0.0,1.5,0.0,0.0,0.0,0.0,0.0,0.0,0.0,0.0,0.0,0.0,0.0
5.0,0.0,0.0,1.975,0.0,0.0,0.0,0.0,0.0,0.0,0.0,0.0,0.493,-0.1,-28.34,0.0,0.0,0.0,0.0,0.0,0.0,1.5,0.0,0.0,0.0,0.0,0.0,0.0,0.0,0.0,0.0,0.0,0.0
5.0,0.0,0.0,2.0,0.0,0.0,0.0,0.0,0.0,0.0,0.0,0.0,0.502,-0.1,-28.34,0.0,0.0,0.0,0.0,0.0,0.0,1.5,0.0,0.0,0.0,0.0,0.0,0.0,0.0,0.0,0.0,0.0,0.0
5.0,0.0,0.0,2.025,0.0,0.0,0.0,0.0,0.0,0.0,0.0,0.0,0.513,-0.1,-28.34,0.0,0.0,0.0,0.0,0.0,0.0,1.5,0.0,0.0,0.0,0.0,0.0,0.0,0.0,0.0,0.0,0.0,0.0
5.0,0.0,0.0,2.05,0.0,0.0,0.0,0.0,0.0,0.0,0.0,0.0,0.523,-0.1,-28.34,0.0,0.0,0.0,0.0,0.0,0.0,1.5,0.0,0.0,0.0,0.0,0.0,0.0,0.0,0.0,0.0,0.0,0.0
5.0,0.0,0.0,2.075,0.0,0.0,0.0,0.0,0.0,0.0,0.0,0.0,0.533,-0.1,-28.34,0.0,0.0,0.0,0.0,0.0,0.0,1.5,0.0,0.0,0.0,0.0,0.0,0.0,0.0,0.0,0.0,0.0,0.0
5.0,0.0,0.0,2.1,0.0,0.0,0.0,0.0,0.0,0.0,0.0,0.0,0.544,-0.1,-28.34,0.0,0.0,0.0,0.0,0.0,0.0,1.5,0.0,0.0,0.0,0.0,0.0,0.0,0.0,0.0,0.0,0.0,0.0
5.0,0.0,0.0,2.125,0.0,0.0,0.0,0.0,0.0,0.0,0.0,0.0,0.554,-0.1,-28.34,0.0,0.0,0.0,0.0,0.0,0.0,1.5,0.0,0.0,0.0,0.0,0.0,0.0,0.0,0.0,0.0,0.0,0.0
5.0,0.0,0.0,2.15,0.0,0.0,0.0,0.0,0.0,0.0,0.0,0.0,0.565,-0.1,-28.34,0.0,0.0,0.0,0.0,0.0,0.0,1.5,0.0,0.0,0.0,0.0,0.0,0.0,0.0,0.0,0.0,0.0,0.0
5.0,0.0,0.0,2.175,0.0,0.0,0.0,0.0,0.0,0.0,0.0,0.0,0.576,-0.1,-28.34,0.0,0.0,0.0,0.0,0.0,0.0,1.5,0.0,0.0,0.0,0.0,0.0,0.0,0.0,0.0,0.0,0.0,0.0
5.0,0.0,0.0,2.2,0.0,0.0,0.0,0.0,0.0,0.0,0.0,0.0,0.587,-0.1,-28.34,0.0,0.0,0.0,0.0,0.0,0.0,1.5,0.0,0.0,0.0,0.0,0.0,0.0,0.0,0.0,0.0,0.0,0.0
5.0,0.0,0.0,2.225,0.0,0.0,0.0,0.0,0.0,0.0,0.0,0.0,0.598,-0.1,-28.34,0.0,0.0,0.0,0.0,0.0,0.0,1.5,0.0,0.0,0.0,0.0,0.0,0.0,0.0,0.0,0.0,0.0,0.0
5.0,0.0,0.0,2.25,0.0,0.0,0.0,0.0,0.0,0.0,0.0,0.0,0.609,-0.1,-28.34,0.0,0.0,0.0,0.0,0.0,0.0,1.5,0.0,0.0,0.0,0.0,0.0,0.0,0.0,0.0,0.0,0.0,0.0
5.0,0.0,0.0,2.275,0.0,0.0,0.0,0.0,0.0,0.0,0.0,0.0,0.62,-0.1,-28.34,0.0,0.0,0.0,0.0,0.0,0.0,1.5,0.0,0.0,0.0,0.0,0.0,0.0,0.0,0.0,0.0,0.0,0.0
5.0,0.0,0.0,2.3,0.0,0.0,0.0,0.0,0.0,0.0,0.0,0.0,0.632,-0.1,-28.34,0.0,0.0,0.0,0.0,0.0,0.0,1.5,0.0,0.0,0.0,0.0,0.0,0.0,0.0,0.0,0.0,0.0,0.0
5.0,0.0,0.0,2.325,0.0,0.0,0.0,0.0,0.0,0.0,0.0,0.0,0.643,-0.1,-28.34,0.0,0.0,0.0,0.0,0.0,0.0,1.5,0.0,0.0,0.0,0.0,0.0,0.0,0.0,0.0,0.0,0.0,0.0
5.0,0.0,0.0,2.35,0.0,0.0,0.0,0.0,0.0,0.0,0.0,0.0,0.655,-0.1,-28.34,0.0,0.0,0.0,0.0,0.0,0.0,1.5,0.0,0.0,0.0,0.0,0.0,0.0,0.0,0.0,0.0,0.0,0.0
5.0,0.0,0.0,2.375,0.0,0.0,0.0,0.0,0.0,0.0,0.0,0.0,0.667,-0.1,-28.34,0.0,0.0,0.0,0.0,0.0,0.0,1.5,0.0,0.0,0.0,0.0,0.0,0.0,0.0,0.0,0.0,0.0,0.0
5.0,0.0,0.0,2.4,0.0,0.0,0.0,0.0,0.0,0.0,0.0,0.0,0.679,-0.1,-28.34,0.0,0.0,0.0,0.0,0.0,0.0,1.5,0.0,0.0,0.0,0.0,0.0,0.0,0.0,0.0,0.0,0.0,0.0
5.0,0.0,0.0,2.425,0.0,0.0,0.0,0.0,0.0,0.0,0.0,0.0,0.691,-0.1,-28.34,0.0,0.0,0.0,0.0,0.0,0.0,1.5,0.0,0.0,0.0,0.0,0.0,0.0,0.0,0.0,0.0,0.0,0.0
5.0,0.0,0.0,2.45,0.0,0.0,0.0,0.0,0.0,0.0,0.0,0.0,0.703,-0.1,-28.34,0.0,0.0,0.0,0.0,0.0,0.0,1.5,0.0,0.0,0.0,0.0,0.0,0.0,0.0,0.0,0.0,0.0,0.0
5.0,0.0,0.0,2.475,0.0,0.0,0.0,0.0,0.0,0.0,0.0,0.0,0.716,-0.1,-28.34,0.0,0.0,0.0,0.0,0.0,0.0,1.5,0.0,0.0,0.0,0.0,0.0,0.0,0.0,0.0,0.0,0.0,0.0
5.0,0.0,0.0,2.5,0.0,0.0,0.0,0.0,0.0,0.0,0.0,0.0,0.728,-0.1,-28.34,0.0,0.0,0.0,0.0,0.0,0.0,1.5,0.0,0.0,0.0,0.0,0.0,0.0,0.0,0.0,0.0,0.0,0.0
5.0,0.0,0.0,2.525,0.0,0.0,0.0,0.0,0.0,0.0,0.0,0.0,0.741,-0.1,-28.34,0.0,0.0,0.0,0.0,0.0,0.0,1.5,0.0,0.0,0.0,0.0,0.0,0.0,0.0,0.0,0.0,0.0,0.0
5.0,0.0,0.0,2.55,0.0,0.0,0.0,0.0,0.0,0.0,0.0,0.0,0.753,-0.1,-28.34,0.0,0.0,0.0,0.0,0.0,0.0,1.5,0.0,0.0,0.0,0.0,0.0,0.0,0.0,0.0,0.0,0.0,0.0
5.0,0.0,0.0,2.575,0.0,0.0,0.0,0.0,0.0,0.0,0.0,0.0,0.766,-0.1,-28.34,0.0,0.0,0.0,0.0,0.0,0.0,1.5,0.0,0.0,0.0,0.0,0.0,0.0,0.0,0.0,0.0,0.0,0.0
5.0,0.0,0.0,2.6,0.0,0.0,0.0,0.0,0.0,0.0,0.0,0.0,0.779,-0.1,-28.34,0.0,0.0,0.0,0.0,0.0,0.0,1.5,0.0,0.0,0.0,0.0,0.0,0.0,0.0,0.0,0.0,0.0,0.0
5.0,0.0,0.0,2.625,0.0,0.0,0.0,0.0,0.0,0.0,0.0,0.0,0.792,-0.1,-28.34,0.0,0.0,0.0,0.0,0.0,0.0,1.5,0.0,0.0,0.0,0.0,0.0,0.0,0.0,0.0,0.0,0.0,0.0
5.0,0.0,0.0,2.65,0.0,0.0,0.0,0.0,0.0,0.0,0.0,0.0,0.806,-0.1,-28.34,0.0,0.0,0.0,0.0,0.0,0.0,1.5,0.0,0.0,0.0,0.0,0.0,0.0,0.0,0.0,0.0,0.0,0.0
5.0,0.0,0.0,2.675,0.0,0.0,0.0,0.0,0.0,0.0,0.0,0.0,0.819,-0.1,-28.34,0.0,0.0,0.0,0.0,0.0,0.0,1.5,0.0,0.0,0.0,0.0,0.0,0.0,0.0,0.0,0.0,0.0,0.0
5.0,0.0,0.0,2.7,0.0,0.0,0.0,0.0,0.0,0.0,0.0,0.0,0.832,-0.1,-28.34,0.0,0.0,0.0,0.0,0.0,0.0,1.5,0.0,0.0,0.0,0.0,0.0,0.0,0.0,0.0,0.0,0.0,0.0
5.0,0.0,0.0,2.725,0.0,0.0,0.0,0.0,0.0,0.0,0.0,0.0,0.846,-0.1,-28.34,0.0,0.0,0.0,0.0,0.0,0.0,1.5,0.0,0.0,0.0,0.0,0.0,0.0,0.0,0.0,0.0,0.0,0.0
5.0,0.0,0.0,2.75,0.0,0.0,0.0,0.0,0.0,0.0,0.0,0.0,0.86,-0.1,-28.34,0.0,0.0,0.0,0.0,0.0,0.0,1.5,0.0,0.0,0.0,0.0,0.0,0.0,0.0,0.0,0.0,0.0,0.0
5.0,0.0,0.0,2.775,0.0,0.0,0.0,0.0,0.0,0.0,0.0,0.0,0.874,-0.1,-28.34,0.0,0.0,0.0,0.0,0.0,0.0,1.5,0.0,0.0,0.0,0.0,0.0,0.0,0.0,0.0,0.0,0.0,0.0
5.0,0.0,0.0,2.8,0.0,0.0,0.0,0.0,0.0,0.0,0.0,0.0,0.887,-0.1,-28.34,0.0,0.0,0.0,0.0,0.0,0.0,1.5,0.0,0.0,0.0,0.0,0.0,0.0,0.0,0.0,0.0,0.0,0.0
5.0,0.0,0.0,2.825,0.0,0.0,0.0,0.0,0.0,0.0,0.0,0.0,0.902,-0.1,-28.34,0.0,0.0,0.0,0.0,0.0,0.0,1.5,0.0,0.0,0.0,0.0,0.0,0.0,0.0,0.0,0.0,0.0,0.0
5.0,0.0,0.0,2.85,0.0,0.0,0.0,0.0,0.0,0.0,0.0,0.0,0.916,-0.1,-28.34,0.0,0.0,0.0,0.0,0.0,0.0,1.5,0.0,0.0,0.0,0.0,0.0,0.0,0.0,0.0,0.0,0.0,0.0
5.0,0.0,0.0,2.875,0.0,0.0,0.0,0.0,0.0,0.0,0.0,0.0,0.93,-0.1,-28.34,0.0,0.0,0.0,0.0,0.0,0.0,1.5,0.0,0.0,0.0,0.0,0.0,0.0,0.0,0.0,0.0,0.0,0.0
5.0,0.0,0.0,2.9,0.0,0.0,0.0,0.0,0.0,0.0,0.0,0.0,0.945,-0.1,-28.34,0.0,0.0,0.0,0.0,0.0,0.0,1.5,0.0,0.0,0.0,0.0,0.0,0.0,0.0,0.0,0.0,0.0,0.0
5.0,0.0,0.0,2.925,0.0,0.0,0.0,0.0,0.0,0.0,0.0,0.0,0.959,-0.1,-28.34,0.0,0.0,0.0,0.0,0.0,0.0,1.5,0.0,0.0,0.0,0.0,0.0,0.0,0.0,0.0,0.0,0.0,0.0
5.0,0.0,0.0,2.95,0.0,0.0,0.0,0.0,0.0,0.0,0.0,0.0,0.974,-0.1,-28.34,0.0,0.0,0.0,0.0,0.0,0.0,1.5,0.0,0.0,0.0,0.0,0.0,0.0,0.0,0.0,0.0,0.0,0.0
5.0,0.0,0.0,2.975,0.0,0.0,0.0,0.0,0.0,0.0,0.0,0.0,0.989,-0.1,-28.34,0.0,0.0,0.0,0.0,0.0,0.0,1.5,0.0,0.0,0.0,0.0,0.0,0.0,0.0,0.0,0.0,0.0,0.0
5.0,0.0,0.0,3.0,0.0,0.0,0.0,0.0,0.0,0.0,0.0,0.0,1.004,-0.1,-28.34,0.0,0.0,0.0,0.0,0.0,0.0,1.5,0.0,0.0,0.0,0.0,0.0,0.0,0.0,0.0,0.0,0.0,0.0
5.0,0.0,0.0,3.025,0.0,0.0,0.0,0.0,0.0,0.0,0.0,0.0,1.019,-0.1,-28.34,0.0,0.0,0.0,0.0,0.0,0.0,1.5,0.0,0.0,0.0,0.0,0.0,0.0,0.0,0.0,0.0,0.0,0.0
5.0,0.0,0.0,3.05,0.0,0.0,0.0,0.0,0.0,0.0,0.0,0.0,1.034,-0.1,-28.34,0.0,0.0,0.0,0.0,0.0,0.0,1.5,0.0,0.0,0.0,0.0,0.0,0.0,0.0,0.0,0.0,0.0,0.0
5.0,0.0,0.0,3.075,0.0,0.0,0.0,0.0,0.0,0.0,0.0,0.0,1.049,-0.1,-28.34,0.0,0.0,0.0,0.0,0.0,0.0,1.5,0.0,0.0,0.0,0.0,0.0,0.0,0.0,0.0,0.0,0.0,0.0
5.0,0.0,0.0,3.1,0.0,0.0,0.0,0.0,0.0,0.0,0.0,0.0,1.065,-0.1,-28.34,0.0,0.0,0.0,0.0,0.0,0.0,1.5,0.0,0.0,0.0,0.0,0.0,0.0,0.0,0.0,0.0,0.0,0.0
5.0,0.0,0.0,3.125,0.0,0.0,0.0,0.0,0.0,0.0,0.0,0.0,1.08,-0.1,-28.34,0.0,0.0,0.0,0.0,0.0,0.0,1.5,0.0,0.0,0.0,0.0,0.0,0.0,0.0,0.0,0.0,0.0,0.0
5.0,0.0,0.0,3.15,0.0,0.0,0.0,0.0,0.0,0.0,0.0,0.0,1.096,-0.1,-28.34,0.0,0.0,0.0,0.0,0.0,0.0,1.5,0.0,0.0,0.0,0.0,0.0,0.0,0.0,0.0,0.0,0.0,0.0
5.0,0.0,0.0,3.175,0.0,0.0,0.0,0.0,0.0,0.0,0.0,0.0,1.112,-0.1,-28.34,0.0,0.0,0.0,0.0,0.0,0.0,1.5,0.0,0.0,0.0,0.0,0.0,0.0,0.0,0.0,0.0,0.0,0.0
5.0,0.0,0.0,3.2,0.0,0.0,0.0,0.0,0.0,0.0,0.0,0.0,1.128,-0.1,-28.34,0.0,0.0,0.0,0.0,0.0,0.0,1.5,0.0,0.0,0.0,0.0,0.0,0.0,0.0,0.0,0.0,0.0,0.0
5.0,0.0,0.0,3.225,0.0,0.0,0.0,0.0,0.0,0.0,0.0,0.0,1.144,-0.1,-28.34,0.0,0.0,0.0,0.0,0.0,0.0,1.5,0.0,0.0,0.0,0.0,0.0,0.0,0.0,0.0,0.0,0.0,0.0
5.0,0.0,0.0,3.25,0.0,0.0,0.0,0.0,0.0,0.0,0.0,0.0,1.16,-0.1,-28.34,0.0,0.0,0.0,0.0,0.0,0.0,1.5,0.0,0.0,0.0,0.0,0.0,0.0,0.0,0.0,0.0,0.0,0.0
5.0,0.0,0.0,3.275,0.0,0.0,0.0,0.0,0.0,0.0,0.0,0.0,1.177,-0.1,-28.34,0.0,0.0,0.0,0.0,0.0,0.0,1.5,0.0,0.0,0.0,0.0,0.0,0.0,0.0,0.0,0.0,0.0,0.0
5.0,0.0,0.0,3.3,0.0,0.0,0.0,0.0,0.0,0.0,0.0,0.0,1.193,-0.1,-28.34,0.0,0.0,0.0,0.0,0.0,0.0,1.5,0.0,0.0,0.0,0.0,0.0,0.0,0.0,0.0,0.0,0.0,0.0
5.0,0.0,0.0,3.325,0.0,0.0,0.0,0.0,0.0,0.0,0.0,0.0,1.21,-0.1,-28.34,0.0,0.0,0.0,0.0,0.0,0.0,1.5,0.0,0.0,0.0,0.0,0.0,0.0,0.0,0.0,0.0,0.0,0.0
5.0,0.0,0.0,3.35,0.0,0.0,0.0,0.0,0.0,0.0,0.0,0.0,1.226,-0.1,-28.34,0.0,0.0,0.0,0.0,0.0,0.0,1.5,0.0,0.0,0.0,0.0,0.0,0.0,0.0,0.0,0.0,0.0,0.0
5.0,0.0,0.0,3.375,0.0,0.0,0.0,0.0,0.0,0.0,0.0,0.0,1.243,-0.1,-28.34,0.0,0.0,0.0,0.0,0.0,0.0,1.5,0.0,0.0,0.0,0.0,0.0,0.0,0.0,0.0,0.0,0.0,0.0
5.0,0.0,0.0,3.4,0.0,0.0,0.0,0.0,0.0,0.0,0.0,0.0,1.26,-0.1,-28.34,0.0,0.0,0.0,0.0,0.0,0.0,1.5,0.0,0.0,0.0,0.0,0.0,0.0,0.0,0.0,0.0,0.0,0.0
5.0,0.0,0.0,3.425,0.0,0.0,0.0,0.0,0.0,0.0,0.0,0.0,1.277,-0.1,-28.34,0.0,0.0,0.0,0.0,0.0,0.0,1.5,0.0,0.0,0.0,0.0,0.0,0.0,0.0,0.0,0.0,0.0,0.0
5.0,0.0,0.0,3.45,0.0,0.0,0.0,0.0,0.0,0.0,0.0,0.0,1.295,-0.1,-28.34,0.0,0.0,0.0,0.0,0.0,0.0,1.5,0.0,0.0,0.0,0.0,0.0,0.0,0.0,0.0,0.0,0.0,0.0
5.0,0.0,0.0,3.475,0.0,0.0,0.0,0.0,0.0,0.0,0.0,0.0,1.312,-0.1,-28.34,0.0,0.0,0.0,0.0,0.0,0.0,1.5,0.0,0.0,0.0,0.0,0.0,0.0,0.0,0.0,0.0,0.0,0.0
5.0,0.0,0.0,3.5,0.0,0.0,0.0,0.0,0.0,0.0,0.0,0.0,1.329,-0.1,-28.34,0.0,0.0,0.0,0.0,0.0,0.0,1.5,0.0,0.0,0.0,0.0,0.0,0.0,0.0,0.0,0.0,0.0,0.0
5.0,0.0,0.0,3.525,0.0,0.0,0.0,0.0,0.0,0.0,0.0,0.0,1.347,-0.1,-28.34,0.0,0.0,0.0,0.0,0.0,0.0,1.5,0.0,0.0,0.0,0.0,0.0,0.0,0.0,0.0,0.0,0.0,0.0
5.0,0.0,0.0,3.55,0.0,0.0,0.0,0.0,0.0,0.0,0.0,0.0,1.365,-0.1,-28.34,0.0,0.0,0.0,0.0,0.0,0.0,1.5,0.0,0.0,0.0,0.0,0.0,0.0,0.0,0.0,0.0,0.0,0.0
5.0,0.0,0.0,3.575,0.0,0.0,0.0,0.0,0.0,0.0,0.0,0.0,1.383,-0.1,-28.34,0.0,0.0,0.0,0.0,0.0,0.0,1.5,0.0,0.0,0.0,0.0,0.0,0.0,0.0,0.0,0.0,0.0,0.0
5.0,0.0,0.0,3.6,0.0,0.0,0.0,0.0,0.0,0.0,0.0,0.0,1.4,-0.1,-28.34,0.0,0.0,0.0,0.0,0.0,0.0,1.5,0.0,0.0,0.0,0.0,0.0,0.0,0.0,0.0,0.0,0.0,0.0
5.0,0.0,0.0,3.625,0.0,0.0,0.0,0.0,0.0,0.0,0.0,0.0,1.419,-0.1,-28.34,0.0,0.0,0.0,0.0,0.0,0.0,1.5,0.0,0.0,0.0,0.0,0.0,0.0,0.0,0.0,0.0,0.0,0.0
5.0,0.0,0.0,3.65,0.0,0.0,0.0,0.0,0.0,0.0,0.0,0.0,1.437,-0.1,-28.34,0.0,0.0,0.0,0.0,0.0,0.0,1.5,0.0,0.0,0.0,0.0,0.0,0.0,0.0,0.0,0.0,0.0,0.0
5.0,0.0,0.0,3.675,0.0,0.0,0.0,0.0,0.0,0.0,0.0,0.0,1.455,-0.1,-28.34,0.0,0.0,0.0,0.0,0.0,0.0,1.5,0.0,0.0,0.0,0.0,0.0,0.0,0.0,0.0,0.0,0.0,0.0
5.0,0.0,0.0,3.7,0.0,0.0,0.0,0.0,0.0,0.0,0.0,0.0,1.474,-0.1,-28.34,0.0,0.0,0.0,0.0,0.0,0.0,1.5,0.0,0.0,0.0,0.0,0.0,0.0,0.0,0.0,0.0,0.0,0.0
5.0,0.0,0.0,3.725,0.0,0.0,0.0,0.0,0.0,0.0,0.0,0.0,1.492,-0.1,-28.34,0.0,0.0,0.0,0.0,0.0,0.0,1.5,0.0,0.0,0.0,0.0,0.0,0.0,0.0,0.0,0.0,0.0,0.0
5.0,0.0,0.0,3.75,0.0,0.0,0.0,0.0,0.0,0.0,0.0,0.0,1.511,-0.1,-28.34,0.0,0.0,0.0,0.0,0.0,0.0,1.5,0.0,0.0,0.0,0.0,0.0,0.0,0.0,0.0,0.0,0.0,0.0
5.0,0.0,0.0,3.775,0.0,0.0,0.0,0.0,0.0,0.0,0.0,0.0,1.53,-0.1,-28.34,0.0,0.0,0.0,0.0,0.0,0.0,1.5,0.0,0.0,0.0,0.0,0.0,0.0,0.0,0.0,0.0,0.0,0.0
5.0,0.0,0.0,3.8,0.0,0.0,0.0,0.0,0.0,0.0,0.0,0.0,1.549,-0.1,-28.34,0.0,0.0,0.0,0.0,0.0,0.0,1.5,0.0,0.0,0.0,0.0,0.0,0.0,0.0,0.0,0.0,0.0,0.0
5.0,0.0,0.0,3.825,0.0,0.0,0.0,0.0,0.0,0.0,0.0,0.0,1.568,-0.1,-28.34,0.0,0.0,0.0,0.0,0.0,0.0,1.5,0.0,0.0,0.0,0.0,0.0,0.0,0.0,0.0,0.0,0.0,0.0
5.0,0.0,0.0,3.85,0.0,0.0,0.0,0.0,0.0,0.0,0.0,0.0,1.587,-0.1,-28.34,0.0,0.0,0.0,0.0,0.0,0.0,1.5,0.0,0.0,0.0,0.0,0.0,0.0,0.0,0.0,0.0,0.0,0.0
5.0,0.0,0.0,3.875,0.0,0.0,0.0,0.0,0.0,0.0,0.0,0.0,1.606,-0.1,-28.34,0.0,0.0,0.0,0.0,0.0,0.0,1.5,0.0,0.0,0.0,0.0,0.0,0.0,0.0,0.0,0.0,0.0,0.0
5.0,0.0,0.0,3.9,0.0,0.0,0.0,0.0,0.0,0.0,0.0,0.0,1.626,-0.1,-28.34,0.0,0.0,0.0,0.0,0.0,0.0,1.5,0.0,0.0,0.0,0.0,0.0,0.0,0.0,0.0,0.0,0.0,0.0
5.0,0.0,0.0,3.925,0.0,0.0,0.0,0.0,0.0,0.0,0.0,0.0,1.645,-0.1,-28.34,0.0,0.0,0.0,0.0,0.0,0.0,1.5,0.0,0.0,0.0,0.0,0.0,0.0,0.0,0.0,0.0,0.0,0.0
5.0,0.0,0.0,3.95,0.0,0.0,0.0,0.0,0.0,0.0,0.0,0.0,1.665,-0.1,-28.34,0.0,0.0,0.0,0.0,0.0,0.0,1.5,0.0,0.0,0.0,0.0,0.0,0.0,0.0,0.0,0.0,0.0,0.0
5.0,0.0,0.0,3.975,0.0,0.0,0.0,0.0,0.0,0.0,0.0,0.0,1.685,-0.1,-28.34,0.0,0.0,0.0,0.0,0.0,0.0,1.5,0.0,0.0,0.0,0.0,0.0,0.0,0.0,0.0,0.0,0.0,0.0
5.0,0.0,0.0,4.0,0.0,0.0,0.0,0.0,0.0,0.0,0.0,0.0,1.705,-0.1,-28.34,0.0,0.0,0.0,0.0,0.0,0.0,1.5,0.0,0.0,0.0,0.0,0.0,0.0,0.0,0.0,0.0,0.0,0.0
5.0,0.0,0.0,4.025,0.0,0.0,0.0,0.0,0.0,0.0,0.0,0.0,1.725,-0.1,-28.34,0.0,0.0,0.0,0.0,0.0,0.0,1.5,0.0,0.0,0.0,0.0,0.0,0.0,0.0,0.0,0.0,0.0,0.0
5.0,0.0,0.0,4.05,0.0,0.0,0.0,0.0,0.0,0.0,0.0,0.0,1.745,-0.1,-28.34,0.0,0.0,0.0,0.0,0.0,0.0,1.5,0.0,0.0,0.0,0.0,0.0,0.0,0.0,0.0,0.0,0.0,0.0
5.0,0.0,0.0,4.075,0.0,0.0,0.0,0.0,0.0,0.0,0.0,0.0,1.766,-0.1,-28.34,0.0,0.0,0.0,0.0,0.0,0.0,1.5,0.0,0.0,0.0,0.0,0.0,0.0,0.0,0.0,0.0,0.0,0.0
5.0,0.0,0.0,4.1,0.0,0.0,0.0,0.0,0.0,0.0,0.0,0.0,1.786,-0.1,-28.34,0.0,0.0,0.0,0.0,0.0,0.0,1.5,0.0,0.0,0.0,0.0,0.0,0.0,0.0,0.0,0.0,0.0,0.0
5.0,0.0,0.0,4.125,0.0,0.0,0.0,0.0,0.0,0.0,0.0,0.0,1.807,-0.1,-28.34,0.0,0.0,0.0,0.0,0.0,0.0,1.5,0.0,0.0,0.0,0.0,0.0,0.0,0.0,0.0,0.0,0.0,0.0
5.0,0.0,0.0,4.15,0.0,0.0,0.0,0.0,0.0,0.0,0.0,0.0,1.827,-0.1,-28.34,0.0,0.0,0.0,0.0,0.0,0.0,1.5,0.0,0.0,0.0,0.0,0.0,0.0,0.0,0.0,0.0,0.0,0.0
5.0,0.0,0.0,4.175,0.0,0.0,0.0,0.0,0.0,0.0,0.0,0.0,1.848,-0.1,-28.34,0.0,0.0,0.0,0.0,0.0,0.0,1.5,0.0,0.0,0.0,0.0,0.0,0.0,0.0,0.0,0.0,0.0,0.0
5.0,0.0,0.0,4.2,0.0,0.0,0.0,0.0,0.0,0.0,0.0,0.0,1.869,-0.1,-28.34,0.0,0.0,0.0,0.0,0.0,0.0,1.5,0.0,0.0,0.0,0.0,0.0,0.0,0.0,0.0,0.0,0.0,0.0
5.0,0.0,0.0,4.225,0.0,0.0,0.0,0.0,0.0,0.0,0.0,0.0,1.89,-0.1,-28.34,0.0,0.0,0.0,0.0,0.0,0.0,1.5,0.0,0.0,0.0,0.0,0.0,0.0,0.0,0.0,0.0,0.0,0.0
5.0,0.0,0.0,4.25,0.0,0.0,0.0,0.0,0.0,0.0,0.0,0.0,1.912,-0.1,-28.34,0.0,0.0,0.0,0.0,0.0,0.0,1.5,0.0,0.0,0.0,0.0,0.0,0.0,0.0,0.0,0.0,0.0,0.0
5.0,0.0,0.0,4.275,0.0,0.0,0.0,0.0,0.0,0.0,0.0,0.0,1.933,-0.1,-28.34,0.0,0.0,0.0,0.0,0.0,0.0,1.5,0.0,0.0,0.0,0.0,0.0,0.0,0.0,0.0,0.0,0.0,0.0
5.0,0.0,0.0,4.3,0.0,0.0,0.0,0.0,0.0,0.0,0.0,0.0,1.954,-0.1,-28.34,0.0,0.0,0.0,0.0,0.0,0.0,1.5,0.0,0.0,0.0,0.0,0.0,0.0,0.0,0.0,0.0,0.0,0.0
5.0,0.0,0.0,4.325,0.0,0.0,0.0,0.0,0.0,0.0,0.0,0.0,1.976,-0.1,-28.34,0.0,0.0,0.0,0.0,0.0,0.0,1.5,0.0,0.0,0.0,0.0,0.0,0.0,0.0,0.0,0.0,0.0,0.0
5.0,0.0,0.0,4.35,0.0,0.0,0.0,0.0,0.0,0.0,0.0,0.0,1.998,-0.1,-28.34,0.0,0.0,0.0,0.0,0.0,0.0,1.5,0.0,0.0,0.0,0.0,0.0,0.0,0.0,0.0,0.0,0.0,0.0
5.0,0.0,0.0,4.375,0.0,0.0,0.0,0.0,0.0,0.0,0.0,0.0,2.02,-0.1,-28.34,0.0,0.0,0.0,0.0,0.0,0.0,1.5,0.0,0.0,0.0,0.0,0.0,0.0,0.0,0.0,0.0,0.0,0.0
5.0,0.0,0.0,4.4,0.0,0.0,0.0,0.0,0.0,0.0,0.0,0.0,2.042,-0.1,-28.34,0.0,0.0,0.0,0.0,0.0,0.0,1.5,0.0,0.0,0.0,0.0,0.0,0.0,0.0,0.0,0.0,0.0,0.0
5.0,0.0,0.0,4.425,0.0,0.0,0.0,0.0,0.0,0.0,0.0,0.0,2.064,-0.1,-28.34,0.0,0.0,0.0,0.0,0.0,0.0,1.5,0.0,0.0,0.0,0.0,0.0,0.0,0.0,0.0,0.0,0.0,0.0
5.0,0.0,0.0,4.45,0.0,0.0,0.0,0.0,0.0,0.0,0.0,0.0,2.086,-0.1,-28.34,0.0,0.0,0.0,0.0,0.0,0.0,1.5,0.0,0.0,0.0,0.0,0.0,0.0,0.0,0.0,0.0,0.0,0.0
5.0,0.0,0.0,4.475,0.0,0.0,0.0,0.0,0.0,0.0,0.0,0.0,2.108,-0.1,-28.34,0.0,0.0,0.0,0.0,0.0,0.0,1.5,0.0,0.0,0.0,0.0,0.0,0.0,0.0,0.0,0.0,0.0,0.0
5.0,0.0,0.0,4.5,0.0,0.0,0.0,0.0,0.0,0.0,0.0,0.0,2.131,-0.1,-28.34,0.0,0.0,0.0,0.0,0.0,0.0,1.5,0.0,0.0,0.0,0.0,0.0,0.0,0.0,0.0,0.0,0.0,0.0
5.0,0.0,0.0,4.525,0.0,0.0,0.0,0.0,0.0,0.0,0.0,0.0,2.153,-0.1,-28.34,0.0,0.0,0.0,0.0,0.0,0.0,1.5,0.0,0.0,0.0,0.0,0.0,0.0,0.0,0.0,0.0,0.0,0.0
5.0,0.0,0.0,4.55,0.0,0.0,0.0,0.0,0.0,0.0,0.0,0.0,2.176,-0.1,-28.34,0.0,0.0,0.0,0.0,0.0,0.0,1.5,0.0,0.0,0.0,0.0,0.0,0.0,0.0,0.0,0.0,0.0,0.0
5.0,0.0,0.0,4.575,0.0,0.0,0.0,0.0,0.0,0.0,0.0,0.0,2.199,-0.1,-28.34,0.0,0.0,0.0,0.0,0.0,0.0,1.5,0.0,0.0,0.0,0.0,0.0,0.0,0.0,0.0,0.0,0.0,0.0
5.0,0.0,0.0,4.6,0.0,0.0,0.0,0.0,0.0,0.0,0.0,0.0,2.222,-0.1,-28.34,0.0,0.0,0.0,0.0,0.0,0.0,1.5,0.0,0.0,0.0,0.0,0.0,0.0,0.0,0.0,0.0,0.0,0.0
5.0,0.0,0.0,4.625,0.0,0.0,0.0,0.0,0.0,0.0,0.0,0.0,2.245,-0.1,-28.34,0.0,0.0,0.0,0.0,0.0,0.0,1.5,0.0,0.0,0.0,0.0,0.0,0.0,0.0,0.0,0.0,0.0,0.0
5.0,0.0,0.0,4.65,0.0,0.0,0.0,0.0,0.0,0.0,0.0,0.0,2.268,-0.1,-28.34,0.0,0.0,0.0,0.0,0.0,0.0,1.5,0.0,0.0,0.0,0.0,0.0,0.0,0.0,0.0,0.0,0.0,0.0
5.0,0.0,0.0,4.675,0.0,0.0,0.0,0.0,0.0,0.0,0.0,0.0,2.291,-0.1,-28.34,0.0,0.0,0.0,0.0,0.0,0.0,1.5,0.0,0.0,0.0,0.0,0.0,0.0,0.0,0.0,0.0,0.0,0.0
5.0,0.0,0.0,4.7,0.0,0.0,0.0,0.0,0.0,0.0,0.0,0.0,2.315,-0.1,-28.34,0.0,0.0,0.0,0.0,0.0,0.0,1.5,0.0,0.0,0.0,0.0,0.0,0.0,0.0,0.0,0.0,0.0,0.0
5.0,0.0,0.0,4.725,0.0,0.0,0.0,0.0,0.0,0.0,0.0,0.0,2.338,-0.1,-28.34,0.0,0.0,0.0,0.0,0.0,0.0,1.5,0.0,0.0,0.0,0.0,0.0,0.0,0.0,0.0,0.0,0.0,0.0
5.0,0.0,0.0,4.75,0.0,0.0,0.0,0.0,0.0,0.0,0.0,0.0,2.362,-0.1,-28.34,0.0,0.0,0.0,0.0,0.0,0.0,1.5,0.0,0.0,0.0,0.0,0.0,0.0,0.0,0.0,0.0,0.0,0.0
5.0,0.0,0.0,4.775,0.0,0.0,0.0,0.0,0.0,0.0,0.0,0.0,2.386,-0.1,-28.34,0.0,0.0,0.0,0.0,0.0,0.0,1.5,0.0,0.0,0.0,0.0,0.0,0.0,0.0,0.0,0.0,0.0,0.0
5.0,0.0,0.0,4.8,0.0,0.0,0.0,0.0,0.0,0.0,0.0,0.0,2.41,-0.1,-28.34,0.0,0.0,0.0,0.0,0.0,0.0,1.5,0.0,0.0,0.0,0.0,0.0,0.0,0.0,0.0,0.0,0.0,0.0
5.0,0.0,0.0,4.825,0.0,0.0,0.0,0.0,0.0,0.0,0.0,0.0,2.434,-0.1,-28.34,0.0,0.0,0.0,0.0,0.0,0.0,1.5,0.0,0.0,0.0,0.0,0.0,0.0,0.0,0.0,0.0,0.0,0.0
5.0,0.0,0.0,4.85,0.0,0.0,0.0,0.0,0.0,0.0,0.0,0.0,2.458,-0.1,-28.34,0.0,0.0,0.0,0.0,0.0,0.0,1.5,0.0,0.0,0.0,0.0,0.0,0.0,0.0,0.0,0.0,0.0,0.0
5.0,0.0,0.0,4.875,0.0,0.0,0.0,0.0,0.0,0.0,0.0,0.0,2.483,-0.1,-28.34,0.0,0.0,0.0,0.0,0.0,0.0,1.5,0.0,0.0,0.0,0.0,0.0,0.0,0.0,0.0,0.0,0.0,0.0
5.0,0.0,0.0,4.9,0.0,0.0,0.0,0.0,0.0,0.0,0.0,0.0,2.507,-0.1,-28.34,0.0,0.0,0.0,0.0,0.0,0.0,1.5,0.0,0.0,0.0,0.0,0.0,0.0,0.0,0.0,0.0,0.0,0.0
5.0,0.0,0.0,4.925,0.0,0.0,0.0,0.0,0.0,0.0,0.0,0.0,2.532,-0.1,-28.34,0.0,0.0,0.0,0.0,0.0,0.0,1.5,0.0,0.0,0.0,0.0,0.0,0.0,0.0,0.0,0.0,0.0,0.0
5.0,0.0,0.0,4.95,0.0,0.0,0.0,0.0,0.0,0.0,0.0,0.0,2.556,-0.1,-28.34,0.0,0.0,0.0,0.0,0.0,0.0,1.5,0.0,0.0,0.0,0.0,0.0,0.0,0.0,0.0,0.0,0.0,0.0
5.0,0.0,0.0,4.975,0.0,0.0,0.0,0.0,0.0,0.0,0.0,0.0,2.581,-0.1,-28.34,0.0,0.0,0.0,0.0,0.0,0.0,1.5,0.0,0.0,0.0,0.0,0.0,0.0,0.0,0.0,0.0,0.0,0.0
5.0,0.0,0.0,4.975,0.0,0.0,0.0,0.0,0.0,0.0,0.0,0.0,2.581,-0.1,-28.34,0.0,0.0,0.0,0.0,0.0,0.0,1.5,0.0,0.0,0.0,0.0,0.0,0.002,0.002,0.001,0.015,0.015,0.007
0.0,0.0,0.0,4.975,0.0,0.0,0.0,0.0,0.0,0.0,0.0,0.0,2.606,-0.1,-28.34,0.0,0.0,0.0,0.0,0.0,0.0,1.5,0.0,0.0,0.0,0.0,0.0,0.002,0.002,0.001,0.015,0.015,0.007
0.0,0.0,0.0,4.975,0.0,0.0,0.0,0.0,0.0,0.0,0.0,0.0,2.631,-0.1,-28.34,0.0,0.0,0.0,0.0,0.0,0.0,1.5,0.0,0.0,0.0,0.0,0.0,0.002,0.002,0.001,0.015,0.015,0.007
0.0,0.0,0.0,4.975,0.0,0.0,0.0,0.0,0.0,0.0,0.0,0.0,2.656,-0.1,-28.34,0.0,0.0,0.0,0.0,0.0,0.0,1.5,0.0,0.0,0.0,0.0,0.0,0.002,0.002,0.001,0.015,0.015,0.007
0.0,0.0,0.0,4.975,0.0,0.0,0.0,0.0,0.0,0.0,0.0,0.0,2.681,-0.1,-28.34,0.0,0.0,0.0,0.0,0.0,0.0,1.5,0.0,0.0,0.0,0.0,0.0,0.002,0.002,0.001,0.015,0.015,0.007
0.0,0.0,0.0,4.975,0.0,0.0,0.0,0.0,0.0,0.0,0.0,0.0,2.706,-0.1,-28.34,0.0,0.0,0.0,0.0,0.0,0.0,1.5,0.0,0.0,0.0,0.0,0.0,0.002,0.002,0.001,0.015,0.015,0.007
0.0,0.0,0.0,4.975,0.0,0.0,0.0,0.0,0.0,0.0,0.0,0.0,2.731,-0.1,-28.34,0.0,0.0,0.0,0.0,0.0,0.0,1.5,0.0,0.0,0.0,0.0,0.0,0.002,0.002,0.001,0.015,0.015,0.007
0.0,0.0,0.0,4.975,0.0,0.0,0.0,0.0,0.0,0.0,0.0,0.0,2.755,-0.1,-28.34,0.0,0.0,0.0,0.0,0.0,0.0,1.5,0.0,0.0,0.0,0.0,0.0,0.002,0.002,0.001,0.015,0.015,0.007
0.0,0.0,0.0,4.975,0.0,0.0,0.0,0.0,0.0,0.0,0.0,0.0,2.78,-0.1,-28.34,0.0,0.0,0.0,0.0,0.0,0.0,1.5,0.0,0.0,0.0,0.0,0.0,0.002,0.002,0.001,0.015,0.015,0.007
0.0,0.0,0.0,4.975,0.0,0.0,0.0,0.0,0.0,0.0,0.0,0.0,2.805,-0.1,-28.34,0.0,0.0,0.0,0.0,0.0,0.0,1.5,0.0,0.0,0.0,0.0,0.0,0.002,0.002,0.001,0.015,0.015,0.007
0.0,0.0,0.0,4.975,0.0,0.0,0.0,0.0,0.0,0.0,0.0,0.0,2.83,-0.1,-28.34,0.0,0.0,0.0,0.0,0.0,0.0,1.5,0.0,0.0,0.0,0.0,0.0,0.002,0.002,0.001,0.015,0.015,0.007
0.0,0.0,0.0,4.975,0.0,0.0,0.0,0.0,0.0,0.0,0.0,0.0,2.855,-0.1,-28.34,0.0,0.0,0.0,0.0,0.0,0.0,1.5,0.0,0.0,0.0,0.0,0.0,0.002,0.002,0.001,0.015,0.015,0.007
0.0,0.0,0.0,4.975,0.0,0.0,0.0,0.0,0.0,0.0,0.0,0.0,2.88,-0.1,-28.34,0.0,0.0,0.0,0.0,0.0,0.0,1.5,0.0,0.0,0.0,0.0,0.0,0.002,0.002,0.001,0.015,0.015,0.007
0.0,0.0,0.0,4.975,0.0,0.0,0.0,0.0,0.0,0.0,0.0,0.0,2.905,-0.1,-28.34,0.0,0.0,0.0,0.0,0.0,0.0,1.5,0.0,0.0,0.0,0.0,0.0,0.002,0.002,0.001,0.015,0.015,0.007
0.0,0.0,0.0,4.975,0.0,0.0,0.0,0.0,0.0,0.0,0.0,0.0,2.93,-0.1,-28.34,0.0,0.0,0.0,0.0,0.0,0.0,1.5,0.0,0.0,0.0,0.0,0.0,0.002,0.002,0.001,0.015,0.015,0.007
0.0,0.0,0.0,4.975,0.0,0.0,0.0,0.0,0.0,0.0,0.0,0.0,2.954,-0.1,-28.34,0.0,0.0,0.0,0.0,0.0,0.0,1.5,0.0,0.0,0.0,0.0,0.0,0.002,0.002,0.001,0.015,0.015,0.007
0.0,0.0,0.0,4.975,0.0,0.0,0.0,0.0,0.0,0.0,0.0,0.0,2.979,-0.1,-28.34,0.0,0.0,0.0,0.0,0.0,0.0,1.5,0.0,0.0,0.0,0.0,0.0,0.002,0.002,0.001,0.015,0.015,0.007
0.0,0.0,0.0,4.975,0.0,0.0,0.0,0.0,0.0,0.0,0.0,0.0,3.004,-0.1,-28.34,0.0,0.0,0.0,0.0,0.0,0.0,1.5,0.0,0.0,0.0,0.0,0.0,0.002,0.002,0.001,0.015,0.015,0.007
0.0,0.0,0.0,4.975,0.0,0.0,0.0,0.0,0.0,0.0,0.0,0.0,3.029,-0.1,-28.34,0.0,0.0,0.0,0.0,0.0,0.0,1.5,0.0,0.0,0.0,0.0,0.0,0.002,0.002,0.001,0.015,0.015,0.007
0.0,0.0,0.0,4.975,0.0,0.0,0.0,0.0,0.0,0.0,0.0,0.0,3.054,-0.1,-28.34,0.0,0.0,0.0,0.0,0.0,0.0,1.5,0.0,0.0,0.0,0.0,0.0,0.002,0.002,0.001,0.015,0.015,0.007
0.0,0.0,0.0,4.975,0.0,0.0,0.0,0.0,0.0,0.0,0.0,0.0,3.079,-0.1,-28.34,0.0,0.0,0.0,0.0,0.0,0.0,1.5,0.0,0.0,0.0,0.0,0.0,0.002,0.002,0.001,0.014,0.014,0.007
0.0,0.0,0.0,4.975,0.0,0.0,0.0,0.0,0.0,0.0,0.0,0.0,3.104,-0.1,-28.34,0.0,0.0,0.0,0.0,0.0,0.0,1.5,0.0,0.0,0.0,0.0,0.0,0.002,0.002,0.001,0.014,0.014,0.007
0.0,0.0,0.0,4.975,0.0,0.0,0.0,0.0,0.0,0.0,0.0,0.0,3.129,-0.1,-28.34,0.0,0.0,0.0,0.0,0.0,0.0,1.5,0.0,0.0,0.0,0.0,0.0,0.002,0.002,0.001,0.014,0.014,0.007
0.0,0.0,0.0,4.975,0.0,0.0,0.0,0.0,0.0,0.0,0.0,0.0,3.153,-0.1,-28.34,0.0,0.0,0.0,0.0,0.0,0.0,1.5,0.0,0.0,0.0,0.0,0.0,0.002,0.002,0.001,0.014,0.014,0.007
0.0,0.0,0.0,4.975,0.0,0.0,0.0,0.0,0.0,0.0,0.0,0.0,3.178,-0.1,-28.34,0.0,0.0,0.0,0.0,0.0,0.0,1.5,0.0,0.0,0.0,0.0,0.0,0.002,0.002,0.001,0.014,0.014,0.007
0.0,0.0,0.0,4.975,0.0,0.0,0.0,0.0,0.0,0.0,0.0,0.0,3.203,-0.1,-28.34,0.0,0.0,0.0,0.0,0.0,0.0,1.5,0.0,0.0,0.0,0.0,0.0,0.002,0.002,0.001,0.014,0.014,0.007
0.0,0.0,0.0,4.975,0.0,0.0,0.0,0.0,0.0,0.0,0.0,0.0,3.228,-0.1,-28.34,0.0,0.0,0.0,0.0,0.0,0.0,1.5,0.0,0.0,0.0,0.0,0.0,0.002,0.002,0.001,0.014,0.014,0.007
0.0,0.0,0.0,4.975,0.0,0.0,0.0,0.0,0.0,0.0,0.0,0.0,3.253,-0.1,-28.34,0.0,0.0,0.0,0.0,0.0,0.0,1.5,0.0,0.0,0.0,0.0,0.0,0.002,0.002,0.001,0.014,0.014,0.007
0.0,0.0,0.0,4.975,0.0,0.0,0.0,0.0,0.0,0.0,0.0,0.0,3.278,-0.1,-28.34,0.0,0.0,0.0,0.0,0.0,0.0,1.5,0.0,0.0,0.0,0.0,0.0,0.002,0.002,0.001,0.014,0.014,0.007
0.0,0.0,0.0,4.975,0.0,0.0,0.0,0.0,0.0,0.0,0.0,0.0,3.303,-0.1,-28.34,0.0,0.0,0.0,0.0,0.0,0.0,1.5,0.0,0.0,0.0,0.0,0.0,0.002,0.002,0.001,0.014,0.014,0.007
0.0,0.0,0.0,4.975,0.0,0.0,0.0,0.0,0.0,0.0,0.0,0.0,3.328,-0.1,-28.34,0.0,0.0,0.0,0.0,0.0,0.0,1.5,0.0,0.0,0.0,0.0,0.0,0.002,0.002,0.001,0.014,0.014,0.007
0.0,0.0,0.0,4.975,0.0,0.0,0.0,0.0,0.0,0.0,0.0,0.0,3.352,-0.1,-28.34,0.0,0.0,0.0,0.0,0.0,0.0,1.5,0.0,0.0,0.0,0.0,0.0,0.002,0.002,0.001,0.014,0.014,0.007
0.0,0.0,0.0,4.975,0.0,0.0,0.0,0.0,0.0,0.0,0.0,0.0,3.377,-0.1,-28.34,0.0,0.0,0.0,0.0,0.0,0.0,1.5,0.0,0.0,0.0,0.0,0.0,0.002,0.002,0.001,0.014,0.014,0.007
0.0,0.0,0.0,4.975,0.0,0.0,0.0,0.0,0.0,0.0,0.0,0.0,3.402,-0.1,-28.34,0.0,0.0,0.0,0.0,0.0,0.0,1.5,0.0,0.0,0.0,0.0,0.0,0.002,0.002,0.001,0.014,0.014,0.007
0.0,0.0,0.0,4.975,0.0,0.0,0.0,0.0,0.0,0.0,0.0,0.0,3.427,-0.1,-28.34,0.0,0.0,0.0,0.0,0.0,0.0,1.5,0.0,0.0,0.0,0.0,0.0,0.002,0.002,0.001,0.014,0.014,0.007
0.0,0.0,0.0,4.975,0.0,0.0,0.0,0.0,0.0,0.0,0.0,0.0,3.452,-0.1,-28.34,0.0,0.0,0.0,0.0,0.0,0.0,1.5,0.0,0.0,0.0,0.0,0.0,0.002,0.002,0.001,0.014,0.014,0.007
0.0,0.0,0.0,4.975,0.0,0.0,0.0,0.0,0.0,0.0,0.0,0.0,3.477,-0.1,-28.34,0.0,0.0,0.0,0.0,0.0,0.0,1.5,0.0,0.0,0.0,0.0,0.0,0.002,0.002,0.001,0.014,0.014,0.007
0.0,0.0,0.0,4.975,0.0,0.0,0.0,0.0,0.0,0.0,0.0,0.0,3.502,-0.1,-28.34,0.0,0.0,0.0,0.0,0.0,0.0,1.5,0.0,0.0,0.0,0.0,0.0,0.002,0.002,0.001,0.014,0.014,0.007
0.0,0.0,0.0,4.975,0.0,0.0,0.0,0.0,0.0,0.0,0.0,0.0,3.527,-0.1,-28.34,0.0,0.0,0.0,0.0,0.0,0.0,1.5,0.0,0.0,0.0,0.0,0.0,0.002,0.002,0.001,0.014,0.014,0.007
0.0,0.0,0.0,4.975,0.0,0.0,0.0,0.0,0.0,0.0,0.0,0.0,3.551,-0.1,-28.34,0.0,0.0,0.0,0.0,0.0,0.0,1.5,0.0,0.0,0.0,0.0,0.0,0.002,0.002,0.001,0.014,0.014,0.007
0.0,0.0,0.0,4.975,0.0,0.0,0.0,0.0,0.0,0.0,0.0,0.0,3.576,-0.1,-28.34,0.0,0.0,0.0,0.0,0.0,0.0,1.5,0.0,0.0,0.0,0.0,0.0,0.002,0.002,0.001,0.012,0.012,0.006
0.0,0.0,0.0,4.975,0.0,0.0,0.0,0.0,0.0,0.0,0.0,0.0,3.601,-0.1,-28.34,0.0,0.0,0.0,0.0,0.0,0.0,1.5,0.0,0.0,0.0,0.0,0.0,0.002,0.002,0.001,0.012,0.012,0.006
0.0,0.0,0.0,4.975,0.0,0.0,0.0,0.0,0.0,0.0,0.0,0.0,3.626,-0.1,-28.34,0.0,0.0,0.0,0.0,0.0,0.0,1.5,0.0,0.0,0.0,0.0,0.0,0.002,0.002,0.001,0.012,0.012,0.006
0.0,0.0,0.0,4.975,0.0,0.0,0.0,0.0,0.0,0.0,0.0,0.0,3.651,-0.1,-28.34,0.0,0.0,0.0,0.0,0.0,0.0,1.5,0.0,0.0,0.0,0.0,0.0,0.002,0.002,0.001,0.012,0.012,0.006
0.0,0.0,0.0,4.975,0.0,0.0,0.0,0.0,0.0,0.0,0.0,0.0,3.676,-0.1,-28.34,0.0,0.0,0.0,0.0,0.0,0.0,1.5,0.0,0.0,0.0,0.0,0.0,0.002,0.002,0.001,0.012,0.012,0.006
0.0,0.0,0.0,4.975,0.0,0.0,0.0,0.0,0.0,0.0,0.0,0.0,3.701,-0.1,-28.34,0.0,0.0,0.0,0.0,0.0,0.0,1.5,0.0,0.0,0.0,0.0,0.0,0.002,0.002,0.001,0.012,0.012,0.006
0.0,0.0,0.0,4.975,0.0,0.0,0.0,0.0,0.0,0.0,0.0,0.0,3.726,-0.1,-28.34,0.0,0.0,0.0,0.0,0.0,0.0,1.5,0.0,0.0,0.0,0.0,0.0,0.002,0.002,0.001,0.012,0.012,0.006
0.0,0.0,0.0,4.975,0.0,0.0,0.0,0.0,0.0,0.0,0.0,0.0,3.75,-0.1,-28.34,0.0,0.0,0.0,0.0,0.0,0.0,1.5,0.0,0.0,0.0,0.0,0.0,0.002,0.002,0.001,0.012,0.012,0.006
0.0,0.0,0.0,4.975,0.0,0.0,0.0,0.0,0.0,0.0,0.0,0.0,3.775,-0.1,-28.34,0.0,0.0,0.0,0.0,0.0,0.0,1.5,0.0,0.0,0.0,0.0,0.0,0.002,0.002,0.001,0.012,0.012,0.006
0.0,0.0,0.0,4.975,0.0,0.0,0.0,0.0,0.0,0.0,0.0,0.0,3.8,-0.1,-28.34,0.0,0.0,0.0,0.0,0.0,0.0,1.5,0.0,0.0,0.0,0.0,0.0,0.002,0.002,0.001,0.012,0.012,0.006
0.0,0.0,0.0,4.975,0.0,0.0,0.0,0.0,0.0,0.0,0.0,0.0,3.825,-0.1,-28.34,0.0,0.0,0.0,0.0,0.0,0.0,1.5,0.0,0.0,0.0,0.0,0.0,0.002,0.002,0.001,0.012,0.012,0.006
0.0,0.0,0.0,4.975,0.0,0.0,0.0,0.0,0.0,0.0,0.0,0.0,3.85,-0.1,-28.34,0.0,0.0,0.0,0.0,0.0,0.0,1.5,0.0,0.0,0.0,0.0,0.0,0.002,0.002,0.001,0.012,0.012,0.006
0.0,0.0,0.0,4.975,0.0,0.0,0.0,0.0,0.0,0.0,0.0,0.0,3.875,-0.1,-28.34,0.0,0.0,0.0,0.0,0.0,0.0,1.5,0.0,0.0,0.0,0.0,0.0,0.002,0.002,0.001,0.012,0.012,0.006
0.0,0.0,0.0,4.975,0.0,0.0,0.0,0.0,0.0,0.0,0.0,0.0,3.9,-0.1,-28.34,0.0,0.0,0.0,0.0,0.0,0.0,1.5,0.0,0.0,0.0,0.0,0.0,0.002,0.002,0.001,0.012,0.012,0.006
0.0,0.0,0.0,4.975,0.0,0.0,0.0,0.0,0.0,0.0,0.0,0.0,3.925,-0.1,-28.34,0.0,0.0,0.0,0.0,0.0,0.0,1.5,0.0,0.0,0.0,0.0,0.0,0.002,0.002,0.001,0.012,0.012,0.006
0.0,0.0,-0.001,4.975,0.0,0.0,0.0,0.0,0.0,0.0,0.0,0.0,3.949,-0.1,-28.34,0.0,0.0,0.0,0.0,0.0,0.0,1.5,0.0,0.0,0.0,0.0,0.0,0.002,0.002,0.001,0.012,0.012,0.006
0.0,0.0,-0.001,4.975,0.0,0.0,0.0,0.0,0.0,0.0,0.0,0.0,3.974,-0.1,-28.34,0.0,0.0,0.0,0.0,0.0,0.0,1.5,0.0,0.0,0.0,0.0,0.0,0.002,0.002,0.001,0.012,0.012,0.006
0.0,0.0,-0.001,4.975,0.0,0.0,0.0,0.0,0.0,0.0,0.0,0.0,3.999,-0.1,-28.34,0.0,0.0,0.0,0.0,0.0,0.0,1.5,0.0,0.0,0.0,0.0,0.0,0.002,0.002,0.001,0.012,0.012,0.006
0.0,0.0,-0.001,4.975,0.0,0.0,0.0,0.0,0.0,0.0,0.0,0.0,4.024,-0.1,-28.34,0.0,0.0,0.0,0.0,0.0,0.0,1.5,0.0,0.0,0.0,0.0,0.0,0.002,0.002,0.001,0.012,0.012,0.006
0.0,0.0,-0.001,4.975,0.0,0.0,0.0,0.0,0.0,0.0,0.0,0.0,4.049,-0.1,-28.34,0.0,0.0,0.0,0.0,0.0,0.0,1.5,0.0,0.0,0.0,0.0,0.0,0.002,0.002,0.001,0.012,0.012,0.006
0.0,0.0,-0.001,4.975,0.0,0.0,0.0,0.0,0.0,0.0,0.0,0.0,4.074,-0.1,-28.34,0.0,0.0,0.0,0.0,0.0,0.0,1.5,0.0,0.0,0.0,0.0,0.0,0.002,0.002,0.001,0.011,0.011,0.005
0.0,0.0,-0.001,4.975,0.0,0.0,0.0,0.0,0.0,0.0,0.0,0.0,4.099,-0.1,-28.34,0.0,0.0,0.0,0.0,0.0,0.0,1.5,0.0,0.0,0.0,0.0,0.0,0.002,0.002,0.001,0.011,0.011,0.005
0.0,0.0,-0.001,4.975,0.0,0.0,0.0,0.0,0.0,0.0,0.0,0.0,4.124,-0.1,-28.34,0.0,0.0,0.0,0.0,0.0,0.0,1.5,0.0,0.0,0.0,0.0,0.0,0.002,0.002,0.001,0.011,0.011,0.005
0.0,0.0,-0.001,4.975,0.0,0.0,0.0,0.0,0.0,0.0,0.0,0.0,4.148,-0.1,-28.34,0.0,0.0,0.0,0.0,0.0,0.0,1.5,0.0,0.0,0.0,0.0,0.0,0.002,0.002,0.001,0.011,0.011,0.005
0.0,0.0,-0.001,4.975,0.0,0.0,0.0,0.0,0.0,0.0,0.0,0.0,4.173,-0.1,-28.34,0.0,0.0,0.0,0.0,0.0,0.0,1.5,0.0,0.0,0.0,0.0,0.0,0.002,0.002,0.001,0.011,0.011,0.005
0.0,0.0,0.0,4.975,0.0,0.0,0.0,0.0,0.0,0.0,0.0,0.0,4.198,-0.1,-28.34,0.0,0.0,0.0,0.0,0.0,0.0,1.5,0.0,0.0,0.0,0.0,-0.001,0.002,0.002,0.001,0.011,0.011,0.005
0.0,0.0,0.0,4.975,0.0,0.0,0.0,0.0,0.0,0.0,0.0,0.0,4.223,-0.1,-28.34,0.0,0.0,0.0,0.0,0.0,0.0,1.5,0.0,0.0,0.0,0.0,-0.001,0.002,0.002,0.001,0.011,0.011,0.005
0.0,0.0,0.0,4.975,0.0,0.0,0.0,0.0,0.0,0.0,0.0,0.0,4.248,-0.1,-28.34,0.0,0.0,0.0,0.0,0.0,0.0,1.5,0.0,0.0,0.0,0.0,-0.001,0.002,0.002,0.001,0.011,0.011,0.005
0.0,0.0,0.0,4.975,0.0,0.0,0.0,0.0,0.0,0.0,0.0,0.0,4.273,-0.1,-28.34,0.0,0.0,0.0,0.0,0.0,0.0,1.5,0.0,0.0,0.0,0.0,-0.001,0.002,0.002,0.001,0.011,0.011,0.005
0.0,0.0,0.0,4.975,0.0,0.0,0.0,0.0,0.0,0.0,0.0,0.0,4.298,-0.1,-28.34,0.0,0.0,0.0,0.0,0.0,0.0,1.5,0.0,0.0,0.0,0.0,-0.002,0.002,0.002,0.001,0.011,0.011,0.005
0.0,0.0,0.0,4.975,0.0,0.0,0.0,0.0,0.0,0.0,0.0,0.0,4.323,-0.1,-28.34,0.0,0.0,0.0,0.0,0.0,0.0,1.5,0.0,0.0,0.0,0.0,-0.002,0.002,0.002,0.001,0.011,0.011,0.005
0.0,0.0,0.0,4.975,0.0,0.0,0.0,0.0,0.0,0.0,0.0,0.0,4.347,-0.1,-28.34,0.0,0.0,0.0,0.0,0.0,0.0,1.5,0.0,0.0,0.0,0.0,-0.002,0.002,0.002,0.001,0.011,0.011,0.005
0.0,0.0,0.0,4.975,0.0,0.0,0.0,0.0,0.0,0.0,0.0,0.0,4.372,-0.1,-28.34,0.0,0.0,0.0,0.0,0.0,0.0,1.5,0.0,0.0,0.0,0.0,-0.002,0.002,0.002,0.001,0.011,0.011,0.005
0.0,0.0,0.0,4.975,0.0,0.0,0.0,0.0,0.0,0.0,0.0,0.0,4.397,-0.1,-28.34,0.0,0.0,0.0,0.0,0.0,0.0,1.5,0.0,0.0,0.0,0.0,-0.002,0.002,0.002,0.001,0.011,0.011,0.005
0.0,0.0,0.0,4.975,0.0,0.0,0.0,0.0,0.0,0.0,0.0,0.0,4.422,-0.1,-28.34,0.0,0.0,0.0,0.0,0.0,0.0,1.5,0.0,0.0,0.0,0.0,-0.002,0.002,0.002,0.001,0.011,0.011,0.005
0.0,0.0,0.0,4.975,0.0,0.0,0.0,0.0,0.0,0.0,0.0,0.0,4.447,-0.1,-28.34,0.0,0.0,0.0,0.0,0.0,0.0,1.5,0.0,0.0,0.0,0.0,-0.002,0.002,0.002,0.001,0.011,0.011,0.005
0.0,0.0,0.0,4.975,0.0,0.0,0.0,0.0,0.0,0.0,0.0,0.0,4.472,-0.1,-28.34,0.0,0.0,0.0,0.0,0.0,0.0,1.5,0.0,0.0,0.0,0.0,-0.002,0.002,0.002,0.001,0.011,0.011,0.005
0.0,0.0,0.0,4.975,0.0,0.0,0.0,0.0,0.0,0.0,0.0,0.0,4.497,-0.1,-28.34,0.0,0.0,0.0,0.0,0.0,0.0,1.5,0.0,0.0,0.0,0.0,-0.002,0.002,0.002,0.001,0.011,0.011,0.005
0.0,0.0,0.0,4.975,0.0,0.0,0.0,0.0,0.0,0.0,0.0,0.0,4.522,-0.1,-28.34,0.0,0.0,0.0,0.0,0.0,0.0,1.5,0.0,0.0,0.0,0.0,-0.002,0.002,0.002,0.001,0.011,0.011,0.005
0.0,0.0,0.0,4.975,0.0,0.0,0.0,0.0,0.0,0.0,0.0,0.0,4.546,-0.1,-28.34,0.0,0.0,0.0,0.0,0.0,0.0,1.5,0.0,0.0,0.0,0.0,-0.002,0.002,0.002,0.001,0.011,0.011,0.005
0.0,0.0,0.0,4.975,0.0,0.0,0.0,0.0,0.0,0.0,0.0,0.0,4.571,-0.1,-28.34,0.0,0.0,0.0,0.0,0.0,0.0,1.5,0.0,0.0,0.0,0.0,-0.002,0.002,0.002,0.001,0.01,0.01,0.005
0.0,0.0,0.0,4.975,0.0,0.0,0.0,0.0,0.0,0.0,0.0,0.0,4.596,-0.1,-28.34,0.0,0.0,0.0,0.0,0.0,0.0,1.5,0.0,0.0,0.0,0.0,-0.002,0.002,0.002,0.001,0.01,0.01,0.005
0.0,0.0,0.0,4.975,0.0,0.0,0.0,0.0,0.0,0.0,0.0,0.0,4.621,-0.1,-28.34,0.0,0.0,0.0,0.0,0.0,0.0,1.5,0.0,0.0,0.0,0.0,-0.002,0.002,0.002,0.001,0.01,0.01,0.005
0.0,0.0,0.0,4.975,0.0,0.0,0.0,0.0,0.0,0.0,0.0,0.0,4.646,-0.1,-28.34,0.0,0.0,0.0,0.0,0.0,0.0,1.5,0.0,0.0,0.0,0.0,-0.002,0.002,0.002,0.001,0.01,0.01,0.005
0.0,0.0,0.0,4.975,0.0,0.0,0.0,0.0,0.0,0.0,0.0,0.0,4.671,-0.1,-28.34,0.0,0.0,0.0,0.0,0.0,0.0,1.5,0.0,0.0,0.0,0.0,-0.002,0.002,0.002,0.001,0.01,0.01,0.005
0.0,0.0,0.0,4.975,0.0,0.0,0.0,0.0,0.0,0.0,0.0,0.0,4.696,-0.1,-28.34,0.0,0.0,0.0,0.0,0.0,0.0,1.5,0.0,0.0,0.0,0.0,-0.002,0.002,0.002,0.001,0.01,0.01,0.005
0.0,0.0,0.0,4.975,0.0,0.0,0.0,0.0,0.0,0.0,0.0,0.0,4.721,-0.1,-28.34,0.0,0.0,0.0,0.0,0.0,0.0,1.5,0.0,0.0,0.0,0.0,-0.002,0.002,0.002,0.001,0.01,0.01,0.005
0.0,0.0,-0.001,4.975,0.0,0.0,0.0,0.0,0.0,0.0,0.0,0.0,4.745,-0.1,-28.34,0.0,0.0,0.0,0.0,0.0,0.0,1.5,0.0,0.0,0.0,0.0,-0.002,0.002,0.002,0.001,0.01,0.01,0.005
0.0,0.0,-0.001,4.975,0.0,0.0,0.0,0.0,0.0,0.0,0.0,0.0,4.77,-0.1,-28.34,0.0,0.0,0.0,0.0,0.0,0.0,1.5,0.0,0.0,0.0,0.0,-0.002,0.002,0.002,0.001,0.01,0.01,0.005
0.0,0.0,-0.001,4.975,0.0,0.0,0.0,0.0,0.0,0.0,0.0,0.0,4.795,-0.1,-28.34,0.0,0.0,0.0,0.0,0.0,0.0,1.5,0.0,0.0,0.0,0.0,-0.002,0.002,0.002,0.001,0.01,0.01,0.005
0.0,0.0,-0.001,4.975,0.0,0.0,0.0,0.0,0.0,0.0,0.0,0.0,4.82,-0.1,-28.34,0.0,0.0,0.0,0.0,0.0,0.0,1.5,0.0,0.0,0.0,0.0,-0.002,0.002,0.002,0.001,0.01,0.01,0.005
0.0,0.0,-0.001,4.975,0.0,0.0,0.0,0.0,0.0,0.0,0.0,0.0,4.845,-0.1,-28.34,0.0,0.0,0.0,0.0,0.0,0.0,1.5,0.0,0.0,0.0,0.0,-0.002,0.002,0.002,0.001,0.01,0.01,0.005
0.0,0.0,-0.001,4.975,0.0,0.0,0.0,0.0,0.0,0.0,0.0,0.0,4.87,-0.1,-28.34,0.0,0.0,0.0,0.0,0.0,0.0,1.5,0.0,0.0,0.0,0.0,-0.002,0.002,0.002,0.001,0.01,0.01,0.005
0.0,0.0,-0.001,4.975,0.0,0.0,0.0,0.0,0.0,0.0,0.0,0.0,4.895,-0.1,-28.34,0.0,0.0,0.0,0.0,0.0,0.0,1.5,0.0,0.0,0.0,0.0,-0.002,0.002,0.002,0.001,0.01,0.01,0.005
0.0,0.0,-0.001,4.975,0.0,0.0,0.0,0.0,0.0,0.0,0.0,0.0,4.92,-0.1,-28.34,0.0,0.0,0.0,0.0,0.0,0.0,1.5,0.0,0.0,0.0,0.0,-0.002,0.002,0.002,0.001,0.01,0.01,0.005
0.0,0.0,-0.001,4.975,0.0,0.0,0.0,0.0,0.0,0.0,0.0,0.0,4.944,-0.1,-28.34,0.0,0.0,0.0,0.0,0.0,0.0,1.5,0.0,0.0,0.0,0.0,-0.002,0.002,0.002,0.001,0.01,0.01,0.005
0.0,0.0,0.0,4.975,0.0,0.0,0.0,0.0,0.0,0.0,0.0,0.0,4.969,-0.1,-28.34,0.0,0.0,0.0,0.0,0.0,0.0,1.5,0.0,0.0,0.0,0.0,-0.002,0.002,0.002,0.001,0.01,0.01,0.005
0.0,0.0,-0.002,4.975,0.0,0.0,0.0,0.0,0.0,0.0,0.0,0.0,4.994,-0.1,-28.34,0.0,0.0,0.0,0.0,0.0,0.0,1.5,0.0,0.0,0.0,0.0,-0.002,0.002,0.002,0.001,0.01,0.01,0.005
0.0,0.0,-0.002,4.975,0.0,0.0,0.0,0.0,0.0,0.0,0.0,0.0,5.019,-0.1,-28.34,0.0,0.0,0.0,0.0,0.0,0.0,1.5,0.0,0.0,0.0,0.0,-0.002,0.002,0.002,0.001,0.01,0.01,0.005
0.0,0.0,-0.001,4.975,0.0,0.0,0.0,0.0,0.0,0.0,0.0,0.0,5.044,-0.1,-28.34,0.0,0.0,0.0,0.0,0.0,0.0,1.5,0.0,0.0,0.0,0.0,-0.002,0.002,0.002,0.001,0.01,0.01,0.005
0.0,0.0,-0.001,4.975,0.0,0.0,0.0,0.0,0.0,0.0,0.0,0.0,5.069,-0.1,-28.34,0.0,0.0,0.0,0.0,0.0,0.0,1.5,0.0,0.0,0.0,0.0,-0.003,0.002,0.002,0.001,0.009,0.009,0.004
0.0,0.0,-0.001,4.975,0.0,0.0,0.0,0.0,0.0,0.0,0.0,0.0,5.094,-0.1,-28.34,0.0,0.0,0.0,0.0,0.0,0.0,1.5,0.0,0.0,0.0,0.0,-0.003,0.002,0.002,0.001,0.009,0.009,0.004
0.0,0.0,-0.001,4.975,0.0,0.0,0.0,0.0,0.0,0.0,0.0,0.0,5.119,-0.1,-28.34,0.0,0.0,0.0,0.0,0.0,0.0,1.5,0.0,0.0,0.0,0.0,-0.003,0.002,0.002,0.001,0.009,0.009,0.004
0.0,0.0,-0.001,4.975,0.0,0.0,0.0,0.0,0.0,0.0,0.0,0.0,5.143,-0.1,-28.34,0.0,0.0,0.0,0.0,0.0,0.0,1.5,0.0,0.0,0.0,0.0,-0.003,0.002,0.002,0.001,0.009,0.009,0.004
0.0,0.0,0.0,4.975,0.0,0.0,0.0,0.0,0.0,0.0,0.0,0.0,5.168,-0.1,-28.34,0.0,0.0,0.0,0.0,0.0,0.0,1.5,0.0,0.0,0.0,0.0,-0.003,0.002,0.002,0.001,0.009,0.009,0.004
0.0,0.0,0.0,4.975,0.0,0.0,0.0,0.0,0.0,0.0,0.0,0.0,5.193,-0.1,-28.34,0.0,0.0,0.0,0.0,0.0,0.0,1.5,0.0,0.0,0.0,0.0,-0.003,0.002,0.002,0.001,0.009,0.009,0.004
0.0,0.0,-0.001,4.975,0.0,0.0,0.0,0.0,0.0,0.0,0.0,0.0,5.218,-0.1,-28.34,0.0,0.0,0.0,0.0,0.0,0.0,1.5,0.0,0.0,0.0,0.0,-0.003,0.002,0.002,0.001,0.009,0.009,0.004
0.0,0.0,-0.001,4.975,0.0,0.0,0.0,0.0,0.0,0.0,0.0,0.0,5.243,-0.1,-28.34,0.0,0.0,0.0,0.0,0.0,0.0,1.5,0.0,0.0,0.0,0.0,-0.003,0.002,0.002,0.001,0.009,0.009,0.004
0.0,0.0,-0.001,4.975,0.0,0.0,0.0,0.0,0.0,0.0,0.0,0.0,5.268,-0.1,-28.34,0.0,0.0,0.0,0.0,0.0,0.0,1.5,0.0,0.0,0.0,0.0,-0.003,0.002,0.002,0.001,0.009,0.009,0.004
0.0,0.0,0.0,4.975,0.0,0.0,0.0,0.0,0.0,0.0,0.0,0.0,5.293,-0.1,-28.34,0.0,0.0,0.0,0.0,0.0,0.0,1.5,0.0,0.0,0.0,0.0,-0.004,0.002,0.002,0.001,0.009,0.009,0.004
0.0,0.0,0.0,4.975,0.0,0.0,0.0,0.0,0.0,0.0,0.0,0.0,5.318,-0.1,-28.34,0.0,0.0,0.0,0.0,0.0,0.0,1.5,0.0,0.0,0.0,0.0,-0.004,0.002,0.002,0.001,0.009,0.009,0.004
0.0,0.0,0.0,4.975,0.0,0.0,0.0,0.0,0.0,0.0,0.0,0.0,5.342,-0.1,-28.34,0.0,0.0,0.0,0.0,0.0,0.0,1.5,0.0,0.0,0.0,0.0,-0.004,0.002,0.002,0.001,0.009,0.009,0.004
0.0,0.0,0.0,4.975,0.0,0.0,0.0,0.0,0.0,0.0,0.0,0.0,5.367,-0.1,-28.34,0.0,0.0,0.0,0.0,0.0,0.0,1.5,0.0,0.0,0.0,0.0,-0.004,0.002,0.002,0.001,0.009,0.009,0.004
0.0,0.0,-0.001,4.975,0.0,0.0,0.0,0.0,0.0,0.0,0.0,0.0,5.392,-0.1,-28.34,0.0,0.0,0.0,0.0,0.0,0.0,1.5,0.0,0.0,0.0,0.0,-0.004,0.002,0.002,0.001,0.009,0.009,0.004
0.0,0.0,-0.001,4.975,0.0,0.0,0.0,0.0,0.0,0.0,0.0,0.0,5.417,-0.1,-28.34,0.0,0.0,0.0,0.0,0.0,0.0,1.5,0.0,0.0,0.0,0.0,-0.004,0.002,0.002,0.001,0.009,0.009,0.004
0.0,0.0,-0.001,4.975,0.0,0.0,0.0,0.0,0.0,0.0,0.0,0.0,5.442,-0.1,-28.34,0.0,0.0,0.0,0.0,0.0,0.0,1.5,0.0,0.0,0.0,0.0,-0.004,0.002,0.002,0.001,0.009,0.009,0.004
0.0,0.0,-0.001,4.975,0.0,0.0,0.0,0.0,0.0,0.0,0.0,0.0,5.467,-0.1,-28.34,0.0,0.0,0.0,0.0,0.0,0.0,1.5,0.0,0.0,0.0,0.0,-0.004,0.002,0.002,0.001,0.009,0.009,0.004
0.0,0.0,0.0,4.975,0.0,0.0,0.0,0.0,0.0,0.0,0.0,0.0,5.492,-0.1,-28.34,0.0,0.0,0.0,0.0,0.0,0.0,1.5,0.0,0.0,0.0,0.0,-0.004,0.002,0.002,0.001,0.009,0.009,0.004
0.0,0.0,0.0,4.975,0.0,0.0,0.0,0.0,0.0,0.0,0.0,0.0,5.517,-0.1,-28.34,0.0,0.0,0.0,0.0,0.0,0.0,1.5,0.0,0.0,0.0,0.0,-0.004,0.002,0.002,0.001,0.009,0.009,0.004
0.0,0.0,-0.002,4.975,0.0,0.0,0.0,0.0,0.0,0.0,0.0,0.0,5.541,-0.1,-28.34,0.0,0.0,0.0,0.0,0.0,0.0,1.5,0.0,0.0,0.0,0.0,-0.004,0.002,0.002,0.001,0.009,0.009,0.004
0.0,0.0,-0.002,4.975,0.0,0.0,0.0,0.0,0.0,0.0,0.0,0.0,5.566,-0.1,-28.34,0.0,0.0,0.0,0.0,0.0,0.0,1.5,0.0,0.0,0.0,0.0,-0.004,0.002,0.002,0.001,0.008,0.008,0.004
0.0,0.0,-0.002,4.975,0.0,0.0,0.0,0.0,0.0,0.0,0.0,0.0,5.591,-0.1,-28.34,0.0,0.0,0.0,0.0,0.0,0.0,1.5,0.0,0.0,0.0,0.0,-0.004,0.002,0.002,0.001,0.008,0.008,0.004
0.0,0.0,-0.001,4.975,0.0,0.0,0.0,0.0,0.0,0.0,0.0,0.0,5.616,-0.1,-28.34,0.0,0.0,0.0,0.0,0.0,0.0,1.5,0.0,0.0,0.0,0.0,-0.004,0.002,0.002,0.001,0.008,0.008,0.004
0.0,0.0,-0.001,4.975,0.0,0.0,0.0,0.0,0.0,0.0,0.0,0.0,5.641,-0.1,-28.34,0.0,0.0,0.0,0.0,0.0,0.0,1.5,0.0,0.0,0.0,0.0,-0.004,0.002,0.002,0.001,0.008,0.008,0.004
0.0,0.0,-0.001,4.975,0.0,0.0,0.0,0.0,0.0,0.0,0.0,0.0,5.666,-0.1,-28.34,0.0,0.0,0.0,0.0,0.0,0.0,1.5,0.0,0.0,0.0,0.0,-0.005,0.002,0.002,0.001,0.008,0.008,0.004
0.0,0.0,-0.002,4.975,0.0,0.0,0.0,0.0,0.0,0.0,0.0,0.0,5.691,-0.1,-28.34,0.0,0.0,0.0,0.0,0.0,0.0,1.5,0.0,0.0,0.0,0.0,-0.005,0.002,0.002,0.001,0.008,0.008,0.004
0.0,0.0,-0.002,4.975,0.0,0.0,0.0,0.0,0.0,0.0,0.0,0.0,5.716,-0.1,-28.34,0.0,0.0,0.0,0.0,0.0,0.0,1.5,0.0,0.0,0.0,0.0,-0.005,0.002,0.002,0.001,0.008,0.008,0.004
0.0,0.0,-0.002,4.975,0.0,0.0,0.0,0.0,0.0,0.0,0.0,0.0,5.74,-0.1,-28.34,0.0,0.0,0.0,0.0,0.0,0.0,1.5,0.0,0.0,0.0,0.0,-0.005,0.002,0.002,0.001,0.008,0.008,0.004
0.0,0.0,-0.002,4.975,0.0,0.0,0.0,0.0,0.0,0.0,0.0,0.0,5.765,-0.1,-28.34,0.0,0.0,0.0,0.0,0.0,0.0,1.5,0.0,0.0,0.0,0.0,-0.005,0.002,0.002,0.001,0.008,0.008,0.004
0.0,0.0,-0.002,4.975,0.0,0.0,0.0,0.0,0.0,0.0,0.0,0.0,5.79,-0.1,-28.34,0.0,-0.001,0.0,0.0,0.0,0.0,1.5,0.0,0.0,0.0,-0.001,-0.005,0.002,0.002,0.001,0.008,0.008,0.004
0.0,0.0,-0.002,4.975,0.0,0.0,0.0,0.0,0.0,0.0,0.0,0.0,5.815,-0.1,-28.34,0.0,-0.001,0.0,0.0,0.0,0.0,1.5,0.0,0.0,0.0,-0.001,-0.005,0.002,0.002,0.001,0.008,0.008,0.004
0.0,0.0,-0.002,4.975,0.0,0.0,0.0,0.0,0.0,0.0,0.0,0.0,5.84,-0.1,-28.34,0.0,-0.001,0.0,0.0,0.0,0.0,1.5,0.0,0.0,0.0,-0.001,-0.005,0.002,0.002,0.001,0.008,0.008,0.004
0.0,0.0,-0.002,4.975,0.0,0.0,0.0,0.0,0.0,0.0,0.0,0.0,5.865,-0.1,-28.34,0.0,-0.001,0.0,0.0,0.0,0.0,1.5,0.0,0.0,0.0,-0.001,-0.005,0.002,0.002,0.001,0.008,0.008,0.004
0.0,0.0,-0.002,4.975,0.0,0.0,0.0,0.0,0.0,0.0,0.0,0.0,5.89,-0.1,-28.34,0.0,-0.001,0.0,0.0,0.0,0.0,1.5,0.0,0.0,0.0,-0.001,-0.005,0.002,0.002,0.001,0.008,0.008,0.004
0.0,0.0,-0.002,4.975,0.0,0.0,0.0,0.0,0.0,0.0,0.0,0.0,5.915,-0.1,-28.34,0.0,-0.001,0.0,0.0,0.0,0.0,1.5,0.0,0.0,0.0,-0.001,-0.006,0.002,0.002,0.001,0.008,0.008,0.004
0.0,0.0,-0.002,4.975,0.0,0.0,0.0,0.0,0.0,0.0,0.0,0.0,5.939,-0.1,-28.34,0.0,-0.001,0.0,0.0,0.0,0.0,1.5,0.0,0.0,0.0,-0.001,-0.006,0.002,0.002,0.001,0.008,0.008,0.004
0.0,0.0,-0.002,4.975,0.0,0.0,0.0,0.0,0.0,0.0,0.0,0.0,5.964,-0.1,-28.34,0.0,-0.001,0.0,0.0,0.0,0.0,1.5,0.0,0.0,0.0,-0.001,-0.006,0.002,0.002,0.001,0.008,0.008,0.004
0.0,0.0,-0.002,4.975,0.0,0.0,0.0,0.0,0.0,0.0,0.0,0.0,5.989,-0.1,-28.34,0.0,-0.001,0.0,0.0,0.0,0.0,1.5,0.0,0.0,0.0,-0.001,-0.006,0.002,0.002,0.001,0.008,0.008,0.004
0.0,0.0,-0.002,4.975,0.0,0.0,0.0,0.0,0.0,0.0,0.0,0.0,6.014,-0.1,-28.34,0.0,-0.001,0.0,0.0,0.0,0.0,1.5,0.0,0.0,0.0,-0.001,-0.006,0.002,0.002,0.001,0.008,0.008,0.004
0.0,0.0,-0.002,4.975,0.0,0.0,0.0,0.0,0.0,0.0,0.0,0.0,6.039,-0.1,-28.34,0.0,-0.001,0.0,0.0,0.0,0.0,1.5,0.0,0.0,0.0,-0.001,-0.006,0.002,0.002,0.001,0.008,0.008,0.004
0.0,0.0,-0.002,4.975,0.0,0.0,0.0,0.0,0.0,0.0,0.0,0.0,6.064,-0.1,-28.34,0.0,-0.001,0.0,0.0,0.0,0.0,1.5,0.0,0.0,0.0,-0.001,-0.006,0.002,0.002,0.001,0.007,0.007,0.004
0.0,0.0,-0.002,4.975,0.0,0.0,0.0,0.0,0.0,0.0,0.0,0.0,6.089,-0.1,-28.34,0.0,-0.001,0.0,0.0,0.0,0.0,1.5,0.0,0.0,0.0,-0.001,-0.006,0.002,0.002,0.001,0.007,0.007,0.004
0.0,0.0,-0.002,4.975,0.0,0.0,0.0,0.0,0.0,0.0,0.0,0.0,6.114,-0.1,-28.34,0.0,-0.001,0.0,0.0,0.0,0.0,1.5,0.0,0.0,0.0,-0.001,-0.007,0.002,0.002,0.001,0.007,0.007,0.004
0.0,0.0,-0.002,4.975,0.0,0.0,0.0,0.0,0.0,0.0,0.0,0.0,6.138,-0.1,-28.34,0.0,-0.001,0.0,0.0,0.0,0.0,1.5,0.0,0.0,0.0,-0.001,-0.007,0.002,0.002,0.001,0.007,0.007,0.004
0.0,0.0,-0.002,4.975,0.0,0.0,0.0,0.0,0.0,0.0,0.0,0.0,6.163,-0.1,-28.34,0.0,-0.001,0.0,0.0,0.0,0.0,1.5,0.0,0.0,0.0,-0.001,-0.007,0.002,0.002,0.001,0.007,0.007,0.004
0.0,0.0,-0.002,4.975,0.0,0.0,0.0,0.0,0.0,0.0,0.0,0.0,6.188,-0.1,-28.34,0.0,-0.001,0.0,0.0,0.0,0.0,1.5,0.0,0.0,0.0,-0.001,-0.007,0.002,0.002,0.001,0.007,0.007,0.004
0.0,0.0,-0.002,4.975,0.0,0.0,0.0,0.0,0.0,0.0,0.0,0.0,6.213,-0.1,-28.34,0.0,-0.002,0.0,0.0,0.0,0.0,1.5,0.0,0.0,0.0,-0.002,-0.007,0.002,0.002,0.001,0.007,0.007,0.004
0.0,0.0,-0.002,4.975,0.0,0.0,0.0,0.0,0.0,0.0,0.0,0.0,6.238,-0.1,-28.34,0.0,-0.002,0.0,0.0,0.0,0.0,1.5,0.0,0.0,0.0,-0.002,-0.007,0.002,0.002,0.001,0.007,0.007,0.004
0.0,0.0,-0.002,4.975,0.0,0.0,0.0,0.0,0.0,0.0,0.0,0.0,6.263,-0.1,-28.34,0.0,-0.002,0.0,0.0,0.0,0.0,1.5,0.0,0.0,0.0,-0.002,-0.007,0.002,0.002,0.001,0.007,0.007,0.004
0.0,0.0,-0.002,4.975,0.0,0.0,0.0,0.0,0.0,0.0,0.0,0.0,6.288,-0.1,-28.34,0.0,-0.002,0.0,0.0,0.0,0.0,1.5,0.0,0.0,0.0,-0.002,-0.008,0.002,0.002,0.001,0.007,0.007,0.004
0.0,0.0,-0.003,4.975,0.0,0.0,0.0,0.0,0.0,0.0,0.0,0.0,6.313,-0.1,-28.34,0.0,-0.002,0.0,0.0,0.0,0.0,1.5,0.0,0.0,0.0,-0.002,-0.008,0.002,0.002,0.001,0.007,0.007,0.004
0.0,0.0,-0.002,4.975,0.0,0.0,0.0,0.0,0.0,0.0,0.0,0.0,6.337,-0.1,-28.34,0.0,-0.002,0.0,0.0,0.0,0.0,1.5,0.0,0.0,0.0,-0.002,-0.008,0.002,0.002,0.001,0.007,0.007,0.004
0.0,0.0,-0.002,4.975,0.0,0.0,0.0,0.0,0.0,0.0,0.0,0.0,6.362,-0.1,-28.34,0.0,-0.002,0.0,0.0,0.0,0.0,1.5,0.0,0.0,0.0,-0.002,-0.008,0.002,0.002,0.001,0.007,0.007,0.004
0.0,0.0,-0.003,4.975,0.0,0.0,0.0,0.0,0.0,0.0,0.0,0.0,6.387,-0.1,-28.34,0.0,-0.002,0.0,0.0,0.0,0.0,1.5,0.0,0.0,0.0,-0.002,-0.008,0.002,0.002,0.001,0.007,0.007,0.004
0.0,0.0,-0.003,4.975,0.0,0.0,0.0,0.0,0.0,0.0,0.0,0.0,6.412,-0.1,-28.34,0.0,-0.002,0.0,0.0,0.0,0.0,1.5,0.0,0.0,0.0,-0.002,-0.008,0.002,0.002,0.001,0.007,0.007,0.004
0.0,0.0,-0.003,4.975,0.0,0.0,0.0,0.0,0.0,0.0,0.0,0.0,6.437,-0.1,-28.34,0.0,-0.002,0.0,0.0,0.0,0.0,1.5,0.0,0.0,0.0,-0.002,-0.008,0.002,0.002,0.001,0.007,0.007,0.004
0.0,0.0,-0.003,4.975,0.0,0.0,0.0,0.0,0.0,0.0,0.0,0.0,6.462,-0.1,-28.34,0.0,-0.002,0.0,0.0,0.0,0.0,1.5,0.0,0.0,0.0,-0.002,-0.008,0.002,0.002,0.001,0.007,0.007,0.004
0.0,0.0,-0.003,4.975,0.0,0.0,0.0,0.0,0.0,0.0,0.0,0.0,6.487,-0.1,-28.34,0.0,-0.002,0.0,0.0,0.0,0.0,1.5,0.0,0.0,0.0,-0.002,-0.009,0.002,0.002,0.001,0.007,0.007,0.004
0.0,0.0,-0.003,4.975,0.0,0.0,0.0,0.0,0.0,0.0,0.0,0.0,6.512,-0.1,-28.34,0.0,-0.002,0.0,0.0,0.0,0.0,1.5,0.0,0.0,0.0,-0.002,-0.009,0.002,0.002,0.001,0.007,0.007,0.004
0.0,0.0,-0.003,4.975,0.0,0.0,0.0,0.0,0.0,0.0,0.0,0.0,6.536,-0.1,-28.34,0.0,-0.002,0.0,0.0,0.0,0.0,1.5,0.0,0.0,0.0,-0.002,-0.009,0.002,0.002,0.001,0.007,0.007,0.004
0.0,0.0,-0.003,4.975,0.0,0.0,0.0,0.0,0.0,0.0,0.0,0.0,6.561,-0.1,-28.34,0.0,-0.002,0.0,0.0,0.0,0.0,1.5,0.0,0.0,0.0,-0.002,-0.009,0.002,0.002,0.001,0.006,0.006,0.004
0.0,0.0,-0.003,4.975,0.0,0.0,0.0,0.0,0.0,0.0,0.0,0.0,6.586,-0.1,-28.34,0.0,-0.002,0.0,0.0,0.0,0.0,1.5,0.0,0.0,0.0,-0.002,-0.009,0.002,0.002,0.001,0.006,0.006,0.004
0.0,0.0,-0.003,4.975,0.0,0.0,0.0,0.0,0.0,0.0,0.0,0.0,6.611,-0.1,-28.34,0.0,-0.002,0.0,0.0,0.0,0.0,1.5,0.0,0.0,0.0,-0.002,-0.009,0.002,0.002,0.001,0.006,0.006,0.004
0.0,0.0,-0.003,4.975,0.0,0.0,0.0,0.0,0.0,0.0,0.0,0.0,6.636,-0.1,-28.34,0.0,-0.002,0.0,0.0,0.0,0.0,1.5,0.0,0.0,0.0,-0.002,-0.01,0.002,0.002,0.001,0.006,0.006,0.004
0.0,0.0,-0.003,4.975,0.0,0.0,0.0,0.0,0.0,0.0,0.0,0.0,6.661,-0.1,-28.34,0.0,-0.002,0.0,0.0,0.0,0.0,1.5,0.0,0.0,0.0,-0.002,-0.01,0.002,0.002,0.001,0.006,0.006,0.004
0.0,0.0,-0.003,4.975,0.0,0.0,0.0,0.0,0.0,0.0,0.0,0.0,6.686,-0.1,-28.34,0.0,-0.002,0.0,0.0,0.0,0.0,1.5,0.0,0.0,0.0,-0.002,-0.01,0.002,0.002,0.001,0.006,0.006,0.004
0.0,0.0,-0.003,4.975,0.0,0.0,0.0,0.0,0.0,0.0,0.0,0.0,6.711,-0.1,-28.34,0.0,-0.002,0.0,0.0,0.0,0.0,1.5,0.0,0.0,0.0,-0.002,-0.01,0.002,0.002,0.001,0.006,0.006,0.004
0.0,0.0,-0.003,4.975,0.0,0.0,0.0,0.0,0.0,0.0,0.0,0.0,6.735,-0.1,-28.34,0.0,-0.002,0.0,0.0,0.0,0.0,1.5,0.0,0.0,0.0,-0.002,-0.01,0.002,0.002,0.001,0.006,0.006,0.004
0.0,0.0,-0.004,4.975,0.0,0.0,0.0,0.0,0.0,0.0,0.0,0.0,6.76,-0.1,-28.34,0.0,-0.002,0.0,0.0,0.0,0.0,1.5,0.0,0.0,0.0,-0.002,-0.011,0.002,0.002,0.001,0.006,0.006,0.004
0.0,0.0,-0.003,4.975,0.0,0.0,0.0,0.0,0.0,0.0,0.0,0.0,6.785,-0.1,-28.34,0.0,-0.002,0.0,0.0,0.0,0.0,1.5,0.0,0.0,0.0,-0.002,-0.011,0.002,0.002,0.001,0.006,0.006,0.004
0.0,0.0,-0.003,4.975,0.0,0.0,0.0,0.0,0.0,0.0,0.0,0.0,6.81,-0.1,-28.34,0.0,-0.003,0.0,0.0,0.0,0.0,1.5,0.0,0.0,0.0,-0.003,-0.011,0.002,0.002,0.001,0.006,0.006,0.004
0.0,0.0,-0.004,4.975,0.0,0.0,0.0,0.0,0.0,0.0,0.0,0.0,6.835,-0.1,-28.34,0.0,-0.003,0.0,0.0,0.0,0.0,1.5,0.0,0.0,0.0,-0.003,-0.011,0.002,0.002,0.001,0.006,0.006,0.004
0.0,0.0,-0.003,4.975,0.0,0.0,0.0,0.0,0.0,0.0,0.0,0.0,6.86,-0.1,-28.34,0.0,-0.003,0.0,0.0,0.0,0.0,1.5,0.0,0.0,0.0,-0.003,-0.011,0.002,0.002,0.001,0.006,0.006,0.004
0.0,0.0,-0.004,4.975,0.0,0.0,0.0,0.0,0.0,0.0,0.0,0.0,6.885,-0.1,-28.34,0.0,-0.003,0.0,0.0,0.0,0.0,1.5,0.0,0.0,0.0,-0.003,-0.012,0.002,0.002,0.001,0.006,0.006,0.004
0.0,0.0,-0.004,4.975,0.0,0.0,0.0,0.0,0.0,0.0,0.0,0.0,6.91,-0.1,-28.34,0.0,-0.003,0.0,0.0,0.0,0.0,1.5,0.0,0.0,0.0,-0.003,-0.012,0.002,0.002,0.001,0.006,0.006,0.004
0.0,0.0,-0.004,4.975,0.0,0.0,0.0,0.0,0.0,0.0,0.0,0.0,6.934,-0.1,-28.34,0.0,-0.003,0.0,0.0,0.0,0.0,1.5,0.0,0.0,0.0,-0.003,-0.012,0.002,0.002,0.001,0.006,0.006,0.004
0.0,0.0,-0.004,4.975,0.0,0.0,0.0,0.0,0.0,0.0,0.0,0.0,6.959,-0.1,-28.34,0.0,-0.003,0.0,0.0,0.0,0.0,1.5,0.0,0.0,0.0,-0.003,-0.012,0.002,0.002,0.001,0.006,0.006,0.004
0.0,0.0,-0.004,4.975,0.0,0.0,0.0,0.0,0.0,0.0,0.0,0.0,6.984,-0.1,-28.34,0.0,-0.003,0.0,0.0,0.0,0.0,1.5,0.0,0.0,0.0,-0.003,-0.012,0.002,0.002,0.001,0.006,0.006,0.004
0.0,0.0,-0.004,4.975,0.0,0.0,0.0,0.0,0.0,0.0,0.0,0.0,7.009,-0.1,-28.34,0.0,-0.003,0.0,0.0,0.0,0.0,1.5,0.0,0.0,0.0,-0.003,-0.013,0.002,0.002,0.001,0.006,0.006,0.004
0.0,0.0,-0.005,4.975,0.0,0.0,0.0,0.0,0.0,0.0,0.0,0.0,7.034,-0.1,-28.34,0.0,-0.003,0.0,0.0,0.0,0.0,1.5,0.0,0.0,0.0,-0.003,-0.013,0.002,0.002,0.001,0.006,0.006,0.004
0.0,0.0,-0.004,4.975,0.0,0.0,0.0,0.0,0.0,0.0,0.0,0.0,7.059,-0.1,-28.34,0.0,-0.003,0.0,0.0,0.0,0.0,1.5,0.0,0.0,0.0,-0.003,-0.013,0.002,0.002,0.001,0.006,0.006,0.004
0.0,0.0,-0.005,4.975,0.0,0.0,0.0,0.0,0.0,0.0,0.0,0.0,7.084,-0.1,-28.34,0.0,-0.003,0.0,0.0,0.0,0.0,1.5,0.0,0.0,0.0,-0.003,-0.013,0.002,0.002,0.001,0.006,0.006,0.004
0.0,0.0,-0.004,4.975,0.0,0.0,0.0,0.001,0.0,0.0,0.0,0.0,7.109,-0.1,-28.34,0.0,-0.003,0.0,0.0,0.0,0.0,1.5,0.0,0.0,0.0,-0.003,-0.014,0.002,0.002,0.001,0.006,0.006,0.004
0.0,0.0,-0.005,4.975,0.0,0.0,0.0,0.0,0.0,0.0,0.0,0.0,7.133,-0.1,-28.34,0.0,-0.003,0.0,0.0,0.0,0.0,1.5,0.0,0.0,0.0,-0.003,-0.014,0.002,0.002,0.001,0.006,0.006,0.004
0.0,0.0,-0.005,4.975,0.0,0.0,0.0,0.001,0.0,0.0,0.0,0.0,7.158,-0.1,-28.34,0.0,-0.004,0.0,0.0,0.0,0.0,1.5,0.0,0.0,0.0,-0.004,-0.014,0.002,0.002,0.001,0.006,0.006,0.004
0.0,0.0,-0.005,4.975,0.0,0.0,0.0,0.0,0.0,0.0,0.0,0.0,7.183,-0.1,-28.34,0.0,-0.004,0.0,0.0,0.0,0.0,1.5,0.0,0.0,0.0,-0.004,-0.014,0.002,0.002,0.001,0.006,0.006,0.004
0.0,0.0,-0.005,4.975,0.0,0.0,0.0,0.001,0.0,0.0,0.0,0.0,7.208,-0.1,-28.34,0.0,-0.004,0.0,0.0,0.0,0.0,1.5,0.0,0.0,0.0,-0.004,-0.015,0.002,0.002,0.001,0.006,0.006,0.004
0.0,0.0,-0.005,4.975,0.0,0.0,0.0,0.0,0.0,0.0,0.0,0.0,7.233,-0.1,-28.34,0.0,-0.004,0.0,0.0,0.0,0.0,1.5,0.0,0.0,0.0,-0.004,-0.015,0.002,0.002,0.001,0.006,0.006,0.004
0.0,0.0,-0.005,4.975,0.0,0.0,0.0,0.001,0.0,0.0,0.0,0.0,7.258,-0.1,-28.34,0.0,-0.004,0.0,0.0,0.0,0.0,1.5,0.0,0.0,0.0,-0.004,-0.015,0.002,0.002,0.001,0.006,0.006,0.004
0.0,0.0,-0.005,4.975,0.0,0.0,0.0,0.0,0.0,0.0,0.0,0.0,7.283,-0.1,-28.34,0.0,-0.004,0.0,0.0,0.0,0.0,1.5,0.0,0.0,0.0,-0.004,-0.016,0.002,0.002,0.001,0.006,0.006,0.004
0.0,0.0,-0.005,4.975,0.0,0.0,0.0,0.001,0.0,0.0,0.0,0.0,7.308,-0.1,-28.34,0.0,-0.004,0.0,0.0,0.0,0.0,1.5,0.0,0.0,0.0,-0.004,-0.016,0.002,0.002,0.001,0.006,0.006,0.004
0.0,0.0,-0.005,4.975,0.0,-0.001,0.0,0.0,0.0,0.0,0.0,0.0,7.332,-0.1,-28.34,0.0,-0.004,0.0,0.0,0.0,0.0,1.5,-0.001,0.0,0.0,-0.004,-0.016,0.002,0.002,0.001,0.006,0.006,0.004
0.0,0.0,-0.005,4.975,0.0,-0.001,0.0,0.001,0.0,0.0,0.0,0.0,7.357,-0.1,-28.34,0.0,-0.004,0.0,0.0,0.0,0.0,1.5,-0.001,0.0,0.0,-0.004,-0.017,0.002,0.002,0.001,0.006,0.006,0.004
0.0,0.0,-0.005,4.975,0.0,-0.001,0.0,0.001,0.0,0.0,0.0,0.0,7.382,-0.1,-28.34,0.0,-0.004,0.0,0.0,0.0,0.0,1.5,-0.001,0.0,0.0,-0.004,-0.017,0.002,0.002,0.001,0.006,0.006,0.004
0.0,0.0,-0.005,4.975,0.0,-0.001,0.0,0.001,0.0,0.0,0.0,0.0,7.407,-0.1,-28.34,0.0,-0.004,0.0,0.0,0.0,0.0,1.5,-0.001,0.0,0.0,-0.004,-0.017,0.002,0.002,0.001,0.006,0.006,0.004
0.0,0.0,-0.006,4.975,0.0,-0.001,0.0,0.0,0.0,0.0,0.0,0.0,7.432,-0.1,-28.34,0.0,-0.004,0.0,0.0,0.0,0.0,1.5,-0.001,0.0,0.0,-0.004,-0.017,0.002,0.002,0.001,0.006,0.006,0.004
0.0,0.0,-0.005,4.975,0.0,-0.001,0.0,0.001,0.0,0.0,0.0,0.0,7.457,-0.1,-28.34,0.0,-0.004,0.0,0.0,0.0,0.0,1.5,-0.001,0.0,0.0,-0.004,-0.018,0.002,0.002,0.001,0.006,0.006,0.004
0.0,0.0,-0.006,4.975,0.0,-0.001,0.0,0.001,0.0,0.0,0.0,0.0,7.482,-0.1,-28.34,0.0,-0.004,0.0,0.0,0.0,0.0,1.5,-0.001,0.0,0.0,-0.004,-0.018,0.002,0.002,0.001,0.006,0.006,0.004
0.0,0.0,-0.005,4.975,0.0,-0.001,0.0,0.001,0.0,0.0,0.0,0.0,7.507,-0.1,-28.34,0.0,-0.005,0.0,0.0,0.0,0.0,1.5,-0.001,0.0,0.0,-0.005,-0.018,0.002,0.002,0.001,0.006,0.006,0.004
0.0,0.0,-0.006,4.975,0.0,-0.001,0.0,0.001,0.0,0.0,0.0,0.0,7.531,-0.1,-28.34,0.0,-0.005,0.0,0.0,0.0,0.0,1.5,-0.001,0.0,0.0,-0.005,-0.019,0.002,0.002,0.001,0.006,0.006,0.004
0.0,0.0,-0.006,4.975,0.0,-0.001,0.0,0.001,0.0,0.0,0.0,0.0,7.556,-0.1,-28.34,0.0,-0.005,0.0,0.0,0.0,0.0,1.5,-0.001,0.0,0.0,-0.005,-0.019,0.001,0.001,0.001,0.005,0.005,0.004
0.0,0.0,-0.006,4.975,0.0,-0.001,0.0,0.0,0.0,0.0,0.0,0.0,7.581,-0.1,-28.34,0.0,-0.005,0.0,0.0,0.0,0.0,1.5,-0.001,0.0,0.0,-0.005,-0.019,0.001,0.001,0.001,0.005,0.005,0.004
0.0,0.0,-0.006,4.975,0.0,-0.001,0.0,0.001,0.0,0.0,0.0,0.0,7.606,-0.1,-28.34,0.0,-0.005,0.0,0.0,0.0,0.0,1.5,-0.001,0.0,0.0,-0.005,-0.02,0.001,0.001,0.001,0.005,0.005,0.004
0.0,0.0,-0.007,4.975,0.0,-0.001,0.0,0.0,0.0,0.0,0.0,0.0,7.631,-0.1,-28.34,0.0,-0.005,0.0,0.0,0.0,0.0,1.5,-0.001,0.0,0.0,-0.005,-0.02,0.001,0.001,0.001,0.005,0.005,0.004
0.0,0.0,-0.006,4.975,0.0,-0.001,0.0,0.001,0.0,0.0,0.0,0.0,7.656,-0.1,-28.34,0.0,-0.005,0.0,0.0,0.0,0.0,1.5,-0.001,0.0,0.0,-0.005,-0.02,0.001,0.001,0.001,0.005,0.005,0.004
0.0,0.0,-0.007,4.975,0.0,-0.001,0.0,0.001,0.0,0.0,0.0,0.0,7.681,-0.1,-28.34,0.0,-0.005,0.0,0.0,0.0,0.0,1.5,-0.001,0.0,0.0,-0.005,-0.021,0.001,0.001,0.001,0.005,0.005,0.004
0.0,0.0,-0.007,4.975,0.0,-0.001,0.0,0.001,0.0,0.0,0.0,0.0,7.706,-0.1,-28.34,0.0,-0.005,0.0,0.001,0.001,0.0,1.5,-0.001,0.0,0.0,-0.005,-0.021,0.001,0.001,0.001,0.005,0.005,0.004
0.0,0.0,-0.007,4.975,0.0,-0.001,0.0,0.001,0.0,0.0,0.0,0.0,7.73,-0.1,-28.34,0.0,-0.006,0.0,0.001,0.001,0.0,1.499,-0.001,0.0,0.0,-0.006,-0.022,0.001,0.001,0.001,0.005,0.005,0.004
0.0,0.0,-0.007,4.975,0.0,-0.001,0.0,0.001,0.0,0.0,0.0,0.0,7.755,-0.1,-28.34,0.0,-0.006,0.0,0.001,0.001,0.0,1.499,-0.001,0.0,0.0,-0.006,-0.022,0.001,0.001,0.001,0.005,0.005,0.004
0.0,0.0,-0.008,4.975,0.0,-0.001,0.0,0.001,0.0,0.0,0.0,0.0,7.78,-0.1,-28.34,0.0,-0.006,0.0,0.001,0.001,0.0,1.499,-0.001,0.0,0.0,-0.006,-0.022,0.001,0.001,0.001,0.005,0.005,0.004
0.0,0.0,-0.008,4.975,0.0,-0.001,0.0,0.001,0.0,0.0,0.0,0.0,7.805,-0.1,-28.34,0.0,-0.006,0.0,0.001,0.001,0.0,1.499,-0.001,0.0,0.0,-0.006,-0.023,0.001,0.001,0.001,0.005,0.005,0.004
0.0,0.0,-0.008,4.975,0.0,-0.001,0.0,0.001,0.0,0.0,0.0,0.0,7.83,-0.1,-28.34,0.0,-0.006,0.0,0.001,0.001,0.0,1.499,-0.001,0.0,0.0,-0.006,-0.023,0.001,0.001,0.001,0.005,0.005,0.004
0.0,0.0,-0.008,4.975,0.0,-0.002,0.0,0.001,0.0,0.0,0.0,0.0,7.855,-0.1,-28.34,0.0,-0.006,0.0,0.001,0.001,0.0,1.499,-0.002,0.0,0.0,-0.006,-0.023,0.001,0.001,0.001,0.005,0.005,0.004
0.0,0.0,-0.008,4.975,0.0,-0.002,0.0,0.002,0.0,0.0,0.0,0.0,7.88,-0.1,-28.34,0.0,-0.006,0.0,0.001,0.001,0.0,1.499,-0.002,0.0,0.0,-0.006,-0.024,0.001,0.001,0.001,0.005,0.005,0.004
0.0,0.0,-0.008,4.975,0.0,-0.002,0.0,0.002,0.0,0.0,0.0,0.0,7.905,-0.1,-28.34,0.0,-0.006,0.0,0.001,0.001,0.0,1.499,-0.002,0.0,0.0,-0.006,-0.024,0.001,0.001,0.001,0.005,0.005,0.004
0.0,0.0,-0.009,4.975,0.0,-0.002,0.0,0.002,0.0,0.0,0.0,0.0,7.929,-0.1,-28.34,0.0,-0.006,0.0,0.001,0.001,0.0,1.499,-0.002,0.0,0.0,-0.006,-0.025,0.001,0.001,0.001,0.005,0.005,0.004
0.0,0.0,-0.009,4.975,0.0,-0.002,0.0,0.002,0.0,0.0,0.0,0.0,7.954,-0.1,-28.34,0.0,-0.007,0.0,0.001,0.001,0.0,1.499,-0.002,0.0,0.0,-0.007,-0.025,0.001,0.001,0.001,0.005,0.005,0.004
0.0,0.0,-0.009,4.975,0.0,-0.002,0.0,0.002,0.0,0.0,0.0,0.0,7.979,-0.1,-28.34,0.0,-0.007,0.0,0.001,0.001,0.0,1.499,-0.002,0.0,0.0,-0.007,-0.026,0.001,0.001,0.001,0.005,0.005,0.004
0.0,0.0,-0.009,4.975,0.0,-0.002,0.0,0.002,0.0,0.0,0.0,0.0,8.004,-0.1,-28.34,0.0,-0.007,0.0,0.001,0.001,0.0,1.499,-0.002,0.0,0.0,-0.007,-0.026,0.001,0.001,0.001,0.005,0.005,0.004
0.0,0.0,-0.009,4.975,0.0,-0.002,0.0,0.002,0.0,0.0,0.0,0.0,8.029,-0.1,-28.341,0.0,-0.007,0.0,0.001,0.001,0.0,1.499,-0.002,0.0,0.0,-0.007,-0.027,0.001,0.001,0.001,0.005,0.005,0.004
0.0,0.0,-0.009,4.975,0.0,-0.002,0.0,0.002,0.0,0.0,0.0,0.0,8.054,-0.1,-28.341,0.0,-0.007,0.0,0.001,0.001,0.0,1.499,-0.002,0.0,0.0,-0.007,-0.027,0.001,0.001,0.001,0.004,0.004,0.004
0.0,0.0,-0.009,4.975,0.0,-0.002,0.0,0.002,0.0,0.0,0.0,0.0,8.079,-0.1,-28.341,0.0,-0.007,0.0,0.001,0.001,0.0,1.499,-0.002,0.0,0.0,-0.007,-0.028,0.001,0.001,0.001,0.004,0.004,0.004
0.0,0.0,-0.009,4.975,0.0,-0.002,0.0,0.002,0.0,0.0,0.0,0.0,8.104,-0.1,-28.341,0.0,-0.007,0.0,0.001,0.001,0.0,1.499,-0.002,0.0,0.0,-0.007,-0.028,0.001,0.001,0.001,0.004,0.004,0.004
0.0,0.0,-0.009,4.975,0.0,-0.002,0.0,0.002,0.0,0.0,0.0,0.0,8.128,-0.1,-28.341,0.0,-0.008,0.0,0.001,0.001,0.0,1.499,-0.002,0.0,0.0,-0.008,-0.029,0.001,0.001,0.001,0.004,0.004,0.004
0.0,0.0,-0.009,4.975,0.0,-0.002,0.0,0.002,0.0,0.0,0.0,0.0,8.153,-0.1,-28.341,0.0,-0.008,0.0,0.001,0.001,0.0,1.499,-0.002,0.0,0.0,-0.008,-0.029,0.001,0.001,0.001,0.004,0.004,0.004
0.0,0.0,-0.009,4.975,0.0,-0.002,0.0,0.002,0.0,0.0,0.0,0.0,8.178,-0.1,-28.341,0.0,-0.008,0.0,0.001,0.001,0.0,1.499,-0.002,0.0,0.0,-0.008,-0.03,0.001,0.001,0.001,0.004,0.004,0.004
0.0,0.0,-0.01,4.975,0.0,-0.002,0.0,0.002,0.0,0.0,0.0,0.0,8.203,-0.1,-28.341,0.0,-0.008,0.0,0.001,0.001,0.0,1.499,-0.002,0.0,0.0,-0.008,-0.031,0.001,0.001,0.001,0.004,0.004,0.004
0.0,0.0,-0.01,4.975,0.0,-0.002,0.0,0.002,0.0,0.0,0.0,0.0,8.228,-0.1,-28.341,0.0,-0.008,0.0,0.001,0.001,0.0,1.499,-0.002,0.0,0.0,-0.008,-0.031,0.001,0.001,0.001,0.004,0.004,0.004
0.0,0.0,-0.01,4.975,0.0,-0.002,0.0,0.002,0.0,0.0,0.0,0.0,8.253,-0.1,-28.341,0.0,-0.008,0.0,0.001,0.001,0.0,1.499,-0.002,0.0,0.0,-0.008,-0.032,0.001,0.001,0.001,0.004,0.004,0.004
0.0,0.0,-0.01,4.975,0.0,-0.002,0.0,0.002,0.0,0.0,0.0,0.0,8.278,-0.1,-28.341,0.0,-0.008,0.0,0.001,0.001,0.0,1.499,-0.002,0.0,0.0,-0.008,-0.032,0.001,0.001,0.001,0.004,0.004,0.004
0.0,0.0,-0.01,4.975,0.0,-0.002,0.0,0.002,0.0,0.0,0.0,0.0,8.303,-0.1,-28.341,0.0,-0.009,0.0,0.001,0.001,0.0,1.499,-0.002,0.0,0.0,-0.009,-0.033,0.001,0.001,0.001,0.004,0.004,0.004
0.0,0.0,-0.01,4.975,0.0,-0.002,0.0,0.002,0.0,0.0,0.0,0.0,8.327,-0.1,-28.341,0.0,-0.009,0.0,0.001,0.001,0.0,1.499,-0.002,0.0,0.0,-0.009,-0.034,0.001,0.001,0.001,0.004,0.004,0.004
0.0,0.0,-0.011,4.975,0.0,-0.002,0.0,0.002,0.0,0.0,0.0,0.0,8.352,-0.1,-28.341,0.0,-0.009,0.0,0.001,0.001,0.0,1.499,-0.002,0.0,0.0,-0.009,-0.034,0.001,0.001,0.001,0.004,0.004,0.004
0.0,0.0,-0.011,4.975,0.0,-0.002,0.0,0.002,0.0,0.0,0.0,0.0,8.377,-0.1,-28.341,0.0,-0.009,0.0,0.001,0.001,0.0,1.499,-0.002,0.0,0.0,-0.009,-0.035,0.001,0.001,0.001,0.004,0.004,0.004
0.0,0.0,-0.011,4.975,0.0,-0.002,0.0,0.002,0.0,0.0,0.0,0.0,8.402,-0.1,-28.341,0.0,-0.009,0.0,0.001,0.001,0.0,1.499,-0.002,0.0,0.0,-0.009,-0.035,0.001,0.001,0.001,0.004,0.004,0.004
0.0,0.0,-0.011,4.975,0.0,-0.002,0.0,0.002,0.0,0.0,0.0,0.0,8.427,-0.1,-28.341,0.0,-0.009,0.0,0.001,0.001,0.0,1.499,-0.002,0.0,0.0,-0.009,-0.036,0.001,0.001,0.001,0.004,0.004,0.004
0.0,0.0,-0.011,4.975,0.0,-0.002,0.0,0.002,0.0,0.0,0.0,0.0,8.452,-0.1,-28.341,0.0,-0.01,0.0,0.001,0.001,0.0,1.499,-0.002,0.0,0.0,-0.01,-0.037,0.001,0.001,0.001,0.004,0.004,0.004
0.0,0.0,-0.012,4.975,0.0,-0.002,0.0,0.002,0.0,0.0,0.0,0.0,8.477,-0.1,-28.341,0.0,-0.01,0.0,0.001,0.001,0.0,1.499,-0.002,0.0,0.0,-0.01,-0.037,0.001,0.001,0.001,0.004,0.004,0.004
0.0,0.0,-0.012,4.975,0.0,-0.002,0.0,0.002,0.0,0.0,0.0,0.0,8.502,-0.1,-28.341,0.0,-0.01,0.0,0.001,0.001,0.0,1.499,-0.002,0.0,0.0,-0.01,-0.038,0.001,0.001,0.001,0.004,0.004,0.004
0.0,0.0,-0.012,4.975,0.0,-0.002,0.0,0.002,0.0,0.0,0.0,0.0,8.526,-0.1,-28.341,0.0,-0.01,0.0,0.001,0.001,0.0,1.499,-0.002,0.0,0.0,-0.01,-0.039,0.001,0.001,0.001,0.004,0.004,0.004
0.0,0.0,-0.013,4.975,0.0,-0.003,0.0,0.002,0.0,0.0,0.0,0.0,8.551,-0.1,-28.341,0.0,-0.01,0.0,0.001,0.001,0.0,1.499,-0.003,0.0,0.0,-0.01,-0.039,0.001,0.001,0.001,0.004,0.004,0.004
0.0,0.0,-0.013,4.975,0.0,-0.003,0.0,0.002,0.0,0.0,0.0,0.0,8.576,-0.1,-28.341,0.0,-0.011,0.0,0.001,0.001,0.0,1.499,-0.003,0.0,0.0,-0.011,-0.04,0.001,0.001,0.001,0.004,0.004,0.004
0.0,0.0,-0.013,4.975,0.0,-0.003,0.0,0.002,0.0,0.0,0.0,0.0,8.601,-0.1,-28.341,0.0,-0.011,0.0,0.001,0.001,0.0,1.499,-0.003,0.0,0.0,-0.011,-0.041,0.001,0.001,0.001,0.004,0.004,0.004
0.0,0.0,-0.013,4.975,0.0,-0.003,0.0,0.003,0.0,0.0,0.0,0.0,8.626,-0.1,-28.341,0.0,-0.011,0.0,0.001,0.001,0.0,1.499,-0.003,0.0,0.0,-0.011,-0.041,0.001,0.001,0.001,0.004,0.004,0.004
0.0,0.0,-0.014,4.975,0.0,-0.003,0.0,0.003,0.0,0.0,0.0,0.0,8.651,-0.1,-28.341,0.0,-0.011,0.0,0.001,0.001,0.0,1.499,-0.003,0.0,0.0,-0.011,-0.042,0.001,0.001,0.001,0.004,0.004,0.004
0.0,0.0,-0.014,4.975,0.0,-0.003,0.0,0.003,0.0,0.0,0.0,0.0,8.676,-0.1,-28.341,0.0,-0.011,0.0,0.001,0.001,0.0,1.499,-0.003,0.0,0.0,-0.011,-0.043,0.001,0.001,0.001,0.004,0.004,0.004
0.0,0.0,-0.014,4.975,0.0,-0.003,0.0,0.003,0.0,0.0,0.0,0.0,8.701,-0.1,-28.341,0.0,-0.012,0.0,0.001,0.001,0.0,1.499,-0.003,0.0,0.0,-0.012,-0.044,0.001,0.001,0.001,0.004,0.004,0.004
0.0,0.0,-0.014,4.975,0.0,-0.003,0.0,0.003,0.0,0.0,0.0,0.0,8.725,-0.1,-28.341,0.0,-0.012,0.0,0.001,0.001,0.0,1.499,-0.003,0.0,0.0,-0.012,-0.044,0.001,0.001,0.001,0.004,0.004,0.004
0.0,0.0,-0.015,4.975,0.0,-0.003,0.0,0.003,0.0,0.0,0.0,0.0,8.75,-0.1,-28.341,0.0,-0.012,0.0,0.001,0.001,0.0,1.499,-0.003,0.0,0.0,-0.012,-0.045,0.001,0.001,0.001,0.004,0.004,0.004
0.0,0.0,-0.015,4.975,0.0,-0.003,0.0,0.003,0.0,0.0,0.0,0.0,8.775,-0.1,-28.341,0.0,-0.012,0.0,0.001,0.001,0.0,1.499,-0.003,0.0,0.0,-0.012,-0.046,0.001,0.001,0.001,0.004,0.004,0.004
0.0,0.0,-0.015,4.975,0.0,-0.003,0.0,0.003,0.0,0.0,0.0,0.0,8.8,-0.1,-28.341,0.0,-0.013,0.0,0.001,0.001,0.0,1.499,-0.003,0.0,0.0,-0.013,-0.047,0.001,0.001,0.001,0.004,0.004,0.004
0.0,0.0,-0.016,4.975,0.0,-0.003,0.0,0.003,0.0,0.0,0.0,0.0,8.825,-0.1,-28.341,0.0,-0.013,0.0,0.001,0.001,0.0,1.499,-0.003,0.0,0.0,-0.013,-0.048,0.001,0.001,0.001,0.004,0.004,0.004
0.0,0.0,-0.016,4.975,0.0,-0.003,0.0,0.003,0.0,0.0,0.0,0.0,8.85,-0.1,-28.341,0.0,-0.013,0.0,0.001,0.001,0.0,1.499,-0.003,0.0,0.0,-0.013,-0.049,0.001,0.001,0.001,0.004,0.004,0.004
0.0,0.0,-0.016,4.975,0.0,-0.003,0.0,0.003,0.0,0.0,0.0,0.0,8.875,-0.1,-28.341,0.0,-0.013,0.0,0.001,0.001,0.0,1.499,-0.003,0.0,0.0,-0.013,-0.049,0.001,0.001,0.001,0.004,0.004,0.004
0.0,0.0,-0.016,4.975,0.0,-0.003,0.0,0.003,0.0,0.0,0.0,0.0,8.9,-0.1,-28.341,0.0,-0.014,0.0,0.001,0.001,0.0,1.499,-0.003,0.0,0.0,-0.014,-0.05,0.001,0.001,0.001,0.004,0.004,0.004
0.0,0.0,-0.017,4.975,0.0,-0.003,0.0,0.003,0.0,0.0,0.0,0.0,8.924,-0.1,-28.341,0.0,-0.014,0.0,0.001,0.001,0.0,1.499,-0.003,0.0,0.0,-0.014,-0.051,0.001,0.001,0.001,0.004,0.004,0.004
0.0,0.0,-0.017,4.975,0.0,-0.003,0.0,0.003,0.0,0.0,0.0,0.0,8.949,-0.1,-28.341,0.0,-0.014,0.0,0.001,0.001,0.0,1.499,-0.003,0.0,0.0,-0.014,-0.052,0.001,0.001,0.001,0.004,0.004,0.004
0.0,0.0,-0.017,4.975,0.0,-0.003,0.0,0.003,0.0,0.0,0.0,0.0,8.974,-0.1,-28.341,0.0,-0.014,0.0,0.001,0.001,0.0,1.499,-0.003,0.0,0.0,-0.014,-0.053,0.001,0.001,0.001,0.004,0.004,0.004
0.0,0.0,-0.017,4.975,0.0,-0.004,0.0,0.004,0.0,0.0,0.0,0.0,8.999,-0.1,-28.341,0.0,-0.015,0.0,0.001,0.001,0.0,1.499,-0.004,0.0,0.0,-0.015,-0.054,0.001,0.001,0.001,0.004,0.004,0.004
0.0,0.0,-0.018,4.975,0.0,-0.004,0.0,0.004,0.0,0.0,0.0,0.0,9.024,-0.1,-28.341,0.0,-0.015,0.0,0.001,0.001,0.0,1.498,-0.004,0.0,0.0,-0.015,-0.055,0.001,0.001,0.001,0.004,0.004,0.004
0.0,0.0,-0.018,4.975,0.0,-0.004,0.0,0.004,0.0,0.0,0.0,0.0,9.049,-0.1,-28.341,0.0,-0.015,0.0,0.001,0.001,0.0,1.498,-0.004,0.0,0.0,-0.015,-0.056,0.001,0.001,0.001,0.003,0.003,0.005
0.0,0.0,-0.018,4.975,0.0,-0.004,0.0,0.004,0.0,0.0,0.0,0.0,9.074,-0.1,-28.341,0.0,-0.015,0.0,0.001,0.001,0.0,1.498,-0.004,0.0,0.0,-0.015,-0.057,0.001,0.001,0.001,0.003,0.003,0.005
0.0,0.0,-0.019,4.975,0.0,-0.004,0.0,0.004,0.0,0.0,0.001,0.0,9.099,-0.1,-28.341,0.0,-0.016,0.0,0.001,0.001,0.0,1.498,-0.004,0.0,0.0,-0.016,-0.058,0.001,0.001,0.001,0.003,0.003,0.005
0.0,0.0,-0.019,4.975,0.0,-0.004,0.0,0.004,0.0,0.0,0.001,0.0,9.123,-0.1,-28.341,0.0,-0.016,0.0,0.001,0.001,0.0,1.498,-0.004,0.0,0.0,-0.016,-0.059,0.001,0.001,0.001,0.003,0.003,0.005
0.0,0.0,-0.019,4.975,0.0,-0.004,0.0,0.004,0.0,0.0,0.001,0.0,9.148,-0.1,-28.341,0.0,-0.016,0.0,0.001,0.001,0.0,1.498,-0.004,0.0,0.0,-0.016,-0.06,0.001,0.001,0.001,0.003,0.003,0.005
0.0,0.0,-0.02,4.975,0.0,-0.004,0.0,0.004,0.0,0.0,0.001,0.0,9.173,-0.1,-28.341,0.0,-0.017,0.0,0.001,0.001,0.0,1.498,-0.004,0.0,0.0,-0.017,-0.062,0.001,0.001,0.001,0.003,0.003,0.005
0.0,0.0,-0.02,4.975,0.0,-0.004,0.0,0.004,0.0,0.0,0.001,0.0,9.198,-0.1,-28.341,0.0,-0.017,0.0,0.001,0.001,0.0,1.498,-0.004,0.0,0.0,-0.017,-0.063,0.001,0.001,0.001,0.003,0.003,0.005
0.0,0.0,-0.02,4.975,0.0,-0.004,0.0,0.004,0.0,0.0,0.001,0.0,9.223,-0.1,-28.341,0.0,-0.017,0.0,0.001,0.001,0.0,1.498,-0.004,0.0,0.0,-0.017,-0.064,0.001,0.001,0.001,0.003,0.003,0.005
0.0,0.0,-0.021,4.975,0.0,-0.004,0.0,0.004,0.0,0.0,0.001,0.0,9.248,-0.1,-28.341,0.0,-0.018,0.0,0.001,0.001,0.0,1.498,-0.004,0.0,0.0,-0.018,-0.065,0.001,0.001,0.001,0.003,0.003,0.005
0.0,0.0,-0.021,4.975,0.0,-0.004,0.0,0.004,0.0,0.0,0.001,0.0,9.273,-0.1,-28.341,0.0,-0.018,0.0,0.001,0.001,0.0,1.498,-0.004,0.0,0.0,-0.018,-0.066,0.001,0.001,0.001,0.003,0.003,0.005
0.0,0.0,-0.021,4.975,0.0,-0.004,0.0,0.004,0.0,0.0,0.001,0.0,9.298,-0.1,-28.342,0.0,-0.018,0.0,0.001,0.001,0.0,1.498,-0.004,0.0,0.0,-0.018,-0.067,0.001,0.001,0.001,0.003,0.003,0.005
0.0,0.0,-0.022,4.975,0.0,-0.004,0.0,0.004,0.0,0.0,0.001,0.0,9.322,-0.1,-28.342,0.0,-0.019,0.0,0.001,0.001,0.0,1.498,-0.004,0.0,0.0,-0.019,-0.069,0.001,0.001,0.001,0.003,0.003,0.005
0.0,0.0,-0.022,4.975,0.0,-0.005,0.0,0.004,0.0,0.0,0.001,0.0,9.347,-0.1,-28.342,0.0,-0.019,0.0,0.001,0.001,0.0,1.498,-0.005,0.0,0.0,-0.019,-0.07,0.001,0.001,0.001,0.003,0.003,0.005
0.0,0.0,-0.023,4.975,0.0,-0.005,0.0,0.004,0.0,0.0,0.001,0.0,9.372,-0.1,-28.342,0.0,-0.019,0.0,0.001,0.001,0.0,1.498,-0.005,0.0,0.0,-0.019,-0.071,0.001,0.001,0.001,0.003,0.003,0.005
0.0,0.0,-0.023,4.975,0.0,-0.005,0.0,0.004,0.0,0.0,0.001,0.0,9.397,-0.1,-28.342,0.0,-0.02,0.0,0.001,0.001,0.0,1.498,-0.005,0.0,0.0,-0.02,-0.072,0.001,0.001,0.001,0.003,0.003,0.005
0.0,0.0,-0.024,4.975,0.0,-0.005,0.0,0.004,0.0,0.0,0.001,0.0,9.422,-0.1,-28.342,0.0,-0.02,0.0,0.001,0.001,0.0,1.498,-0.005,0.0,0.0,-0.02,-0.074,0.001,0.001,0.001,0.003,0.003,0.005
0.0,0.0,-0.024,4.975,0.0,-0.005,0.0,0.005,0.0,0.0,0.001,0.0,9.447,-0.1,-28.342,0.0,-0.02,0.0,0.001,0.001,0.0,1.498,-0.005,0.0,0.0,-0.02,-0.075,0.001,0.001,0.001,0.003,0.003,0.005
0.0,0.0,-0.024,4.975,0.0,-0.005,0.0,0.005,0.0,0.0,0.001,0.0,9.472,-0.1,-28.342,0.0,-0.021,0.0,0.001,0.001,0.0,1.498,-0.005,0.0,0.0,-0.021,-0.076,0.001,0.001,0.001,0.003,0.003,0.005
0.0,0.0,-0.025,4.975,0.0,-0.005,0.0,0.005,0.0,0.0,0.001,0.0,9.497,-0.1,-28.342,0.0,-0.021,0.0,0.001,0.001,0.0,1.498,-0.005,0.0,0.0,-0.021,-0.078,0.001,0.001,0.001,0.003,0.003,0.005
0.0,0.0,-0.025,4.975,0.0,-0.005,0.0,0.005,0.0,0.0,0.001,0.0,9.521,-0.1,-28.342,0.0,-0.022,0.0,0.001,0.001,0.0,1.498,-0.005,0.0,0.0,-0.022,-0.079,0.001,0.001,0.001,0.003,0.003,0.005
0.0,0.0,-0.026,4.975,0.0,-0.005,0.0,0.005,0.0,0.0,0.001,0.0,9.546,-0.1,-28.342,0.0,-0.022,0.0,0.001,0.001,0.0,1.498,-0.005,0.0,0.0,-0.022,-0.08,0.001,0.001,0.001,0.002,0.002,0.006
0.0,0.0,-0.026,4.975,0.0,-0.005,0.0,0.005,0.0,0.0,0.001,0.0,9.571,-0.1,-28.342,0.0,-0.022,0.0,0.001,0.001,0.0,1.498,-0.005,0.0,0.0,-0.022,-0.082,0.001,0.001,0.001,0.002,0.002,0.006
0.0,0.0,-0.027,4.975,0.0,-0.005,0.0,0.005,0.0,0.0,0.001,0.0,9.596,-0.1,-28.342,0.0,-0.023,0.0,0.001,0.001,0.0,1.498,-0.005,0.0,0.0,-0.023,-0.083,0.001,0.001,0.001,0.002,0.002,0.006
0.0,0.0,-0.027,4.975,0.0,-0.006,0.0,0.005,0.0,0.0,0.001,0.0,9.621,-0.1,-28.342,0.0,-0.023,0.0,0.001,0.001,0.0,1.498,-0.006,0.0,0.0,-0.023,-0.085,0.001,0.001,0.001,0.002,0.002,0.006
0.0,0.0,-0.028,4.975,0.0,-0.006,0.0,0.005,0.0,0.0,0.002,0.0,9.646,-0.1,-28.342,0.0,-0.024,0.0,0.001,0.001,0.0,1.498,-0.006,0.0,0.0,-0.024,-0.086,0.001,0.001,0.001,0.002,0.002,0.006
0.0,0.0,-0.028,4.975,0.0,-0.006,0.0,0.005,0.0,0.0,0.002,0.0,9.671,-0.1,-28.342,0.0,-0.024,0.0,0.001,0.001,0.0,1.497,-0.006,0.0,0.0,-0.024,-0.088,0.001,0.001,0.001,0.002,0.002,0.006
0.0,0.0,-0.029,4.975,0.0,-0.006,0.0,0.006,0.0,0.0,0.002,0.0,9.696,-0.1,-28.342,0.0,-0.025,0.0,0.001,0.001,0.0,1.497,-0.006,0.0,0.0,-0.025,-0.089,0.001,0.001,0.001,0.002,0.002,0.006
0.0,0.0,-0.029,4.975,0.0,-0.006,0.0,0.006,0.0,0.0,0.002,0.0,9.72,-0.1,-28.342,0.0,-0.025,0.0,0.001,0.001,0.0,1.497,-0.006,0.0,0.0,-0.025,-0.091,0.001,0.001,0.001,0.002,0.002,0.006
0.0,0.0,-0.03,4.975,0.0,-0.006,0.0,0.006,0.0,0.0,0.002,0.0,9.745,-0.1,-28.342,0.0,-0.025,0.0,0.001,0.001,0.0,1.497,-0.006,0.0,0.0,-0.025,-0.093,0.001,0.001,0.001,0.002,0.002,0.006
0.0,0.0,-0.03,4.975,0.0,-0.006,0.0,0.006,0.0,0.0,0.002,0.0,9.77,-0.1,-28.342,0.0,-0.026,0.0,0.001,0.001,0.0,1.497,-0.006,0.0,0.0,-0.026,-0.094,0.001,0.001,0.001,0.002,0.002,0.006
0.0,0.0,-0.031,4.975,0.0,-0.006,0.0,0.006,0.0,0.0,0.002,0.0,9.795,-0.1,-28.342,0.0,-0.026,0.0,0.001,0.001,0.0,1.497,-0.006,0.0,0.0,-0.026,-0.096,0.001,0.001,0.001,0.002,0.002,0.006
0.0,0.0,-0.031,4.975,0.0,-0.006,0.0,0.006,0.0,0.0,0.002,0.0,9.82,-0.1,-28.342,0.0,-0.027,0.0,0.001,0.001,0.0,1.497,-0.006,0.0,0.0,-0.027,-0.098,0.001,0.001,0.001,0.002,0.002,0.006
0.0,0.0,-0.032,4.975,0.0,-0.007,0.0,0.006,0.0,0.0,0.002,0.0,9.845,-0.1,-28.342,0.0,-0.027,0.0,0.001,0.001,0.0,1.497,-0.007,0.0,0.0,-0.027,-0.1,0.001,0.001,0.001,0.002,0.002,0.006
0.0,0.0,-0.033,4.975,0.0,-0.007,0.0,0.006,0.0,0.0,0.002,0.0,9.87,-0.1,-28.342,0.0,-0.028,0.0,0.001,0.001,0.0,1.497,-0.007,0.0,0.0,-0.028,-0.101,0.001,0.001,0.001,0.002,0.002,0.006
0.0,0.0,-0.033,4.975,0.0,-0.007,0.0,0.006,0.0,0.0,0.002,0.0,9.895,-0.1,-28.342,0.0,-0.028,0.0,0.001,0.001,0.0,1.497,-0.007,0.0,0.0,-0.028,-0.103,0.001,0.001,0.001,0.002,0.002,0.006
0.0,0.0,-0.034,4.975,0.0,-0.007,0.0,0.007,0.0,0.0,0.002,0.0,9.919,-0.1,-28.342,0.0,-0.029,0.0,0.001,0.001,0.0,1.497,-0.007,0.0,0.0,-0.029,-0.105,0.001,0.001,0.001,0.002,0.002,0.006
0.0,0.0,-0.034,4.975,0.0,-0.007,0.0,0.007,0.0,0.0,0.002,0.0,9.944,-0.1,-28.343,0.0,-0.029,0.0,0.001,0.001,0.0,1.497,-0.007,0.0,0.0,-0.029,-0.107,0.001,0.001,0.001,0.002,0.002,0.006
0.0,0.0,-0.035,4.975,0.0,-0.007,0.0,0.007,0.0,0.0,0.002,0.0,9.969,-0.1,-28.343,0.0,-0.03,0.0,0.001,0.001,0.0,1.497,-0.007,0.0,0.0,-0.03,-0.109,0.001,0.001,0.001,0.002,0.002,0.006
0.0,0.0,-0.036,4.975,0.0,-0.007,0.0,0.007,0.0,0.0,0.002,0.0,9.994,-0.1,-28.343,0.0,-0.031,0.0,0.001,0.001,0.0,1.497,-0.007,0.0,0.0,-0.031,-0.111,0.001,0.001,0.001,0.002,0.002,0.006
0.0,0.0,-0.036,4.975,0.0,-0.007,0.0,0.007,0.0,0.0,0.002,0.0,10.019,-0.1,-28.343,0.0,-0.031,0.0,0.001,0.001,0.0,1.497,-0.007,0.0,0.0,-0.031,-0.113,0.001,0.001,0.001,0.002,0.002,0.006
0.0,0.0,-0.037,4.975,0.0,-0.008,0.0,0.007,0.0,0.0,0.002,0.0,10.044,-0.1,-28.343,0.0,-0.032,0.0,0.001,0.001,0.0,1.497,-0.008,0.0,0.0,-0.032,-0.115,0.001,0.001,0.002,0.001,0.001,0.008
0.0,0.0,-0.038,4.975,0.0,-0.008,0.0,0.007,0.0,0.0,0.002,0.0,10.069,-0.1,-28.343,0.0,-0.032,0.0,0.001,0.001,0.0,1.497,-0.008,0.0,0.0,-0.032,-0.117,0.001,0.001,0.002,0.001,0.001,0.008
0.0,0.0,-0.038,4.975,0.0,-0.008,0.0,0.007,0.0,0.0,0.002,0.0,10.094,-0.1,-28.343,0.0,-0.033,0.0,0.001,0.001,0.0,1.497,-0.008,0.0,0.0,-0.033,-0.119,0.001,0.001,0.002,0.001,0.001,0.008
0.0,0.0,-0.039,4.975,0.0,-0.008,0.0,0.008,0.0,0.0,0.002,0.0,10.118,-0.1,-28.343,0.0,-0.033,0.0,0.001,0.001,0.0,1.496,-0.008,0.0,0.0,-0.033,-0.121,0.001,0.001,0.002,0.001,0.001,0.008
0.0,0.0,-0.04,4.975,0.0,-0.008,0.0,0.008,0.0,0.0,0.002,0.0,10.143,-0.1,-28.343,0.0,-0.034,0.0,0.001,0.001,0.0,1.496,-0.008,0.0,0.0,-0.034,-0.124,0.001,0.001,0.002,0.001,0.001,0.008
0.0,0.0,-0.04,4.975,0.0,-0.008,0.0,0.008,0.0,0.0,0.002,0.0,10.168,-0.1,-28.343,0.0,-0.035,0.0,0.001,0.001,0.0,1.496,-0.008,0.0,0.0,-0.035,-0.126,0.001,0.001,0.002,0.001,0.001,0.008
0.0,0.0,-0.041,4.975,0.0,-0.008,0.0,0.008,0.0,0.0,0.002,0.0,10.193,-0.1,-28.343,0.0,-0.035,0.0,0.001,0.001,0.0,1.496,-0.008,0.0,0.0,-0.035,-0.128,0.001,0.001,0.002,0.001,0.001,0.008
0.0,0.0,-0.042,4.975,0.0,-0.009,0.0,0.008,0.0,0.0,0.002,0.0,10.218,-0.1,-28.343,0.0,-0.036,0.0,0.001,0.001,0.0,1.496,-0.009,0.0,0.0,-0.036,-0.13,0.001,0.001,0.002,0.001,0.001,0.008
0.0,0.0,-0.043,4.975,0.0,-0.009,0.0,0.008,0.0,0.0,0.002,0.0,10.243,-0.1,-28.343,0.0,-0.037,0.0,0.001,0.001,0.0,1.496,-0.009,0.0,0.0,-0.037,-0.133,0.001,0.001,0.002,0.001,0.001,0.008
0.0,0.0,-0.043,4.975,0.0,-0.009,0.0,0.008,0.0,0.0,0.002,0.0,10.268,-0.1,-28.343,0.0,-0.037,0.0,0.001,0.001,0.0,1.496,-0.009,0.0,0.0,-0.037,-0.135,0.001,0.001,0.002,0.001,0.001,0.008
0.0,0.0,-0.044,4.975,0.0,-0.009,0.0,0.008,0.0,0.0,0.002,0.0,10.293,-0.1,-28.343,0.0,-0.038,0.0,0.001,0.001,0.0,1.496,-0.009,0.0,0.0,-0.038,-0.137,0.001,0.001,0.002,0.001,0.001,0.008
0.0,0.0,-0.045,4.975,0.0,-0.009,0.0,0.009,0.0,0.0,0.002,0.0,10.317,-0.1,-28.343,0.0,-0.039,0.0,0.001,0.001,0.0,1.496,-0.009,0.0,0.0,-0.039,-0.14,0.001,0.001,0.002,0.001,0.001,0.008
0.0,0.0,-0.046,4.975,0.0,-0.009,0.0,0.009,0.0,0.0,0.002,0.0,10.342,-0.1,-28.343,0.0,-0.039,0.0,0.001,0.001,0.0,1.496,-0.009,0.0,0.0,-0.039,-0.142,0.001,0.001,0.002,0.001,0.001,0.008
0.0,0.0,-0.047,4.975,0.0,-0.01,0.0,0.009,0.0,0.0,0.003,0.0,10.367,-0.1,-28.343,0.0,-0.04,0.0,0.001,0.001,0.0,1.496,-0.01,0.0,0.0,-0.04,-0.145,0.001,0.001,0.002,0.001,0.001,0.008
0.0,0.0,-0.047,4.975,0.0,-0.01,0.0,0.009,0.0,0.0,0.003,0.0,10.392,-0.1,-28.344,0.0,-0.041,0.0,0.001,0.001,0.0,1.496,-0.01,0.0,0.0,-0.041,-0.148,0.001,0.001,0.002,0.001,0.001,0.008
0.0,0.0,-0.048,4.975,0.0,-0.01,0.0,0.009,0.0,0.0,0.003,0.0,10.417,-0.1,-28.344,0.0,-0.042,0.0,0.001,0.001,0.0,1.496,-0.01,0.0,0.0,-0.042,-0.15,0.001,0.001,0.002,0.001,0.001,0.008
0.0,0.0,-0.049,4.975,0.0,-0.01,0.0,0.01,0.0,0.0,0.003,0.0,10.442,-0.1,-28.344,0.0,-0.042,0.0,0.001,0.001,0.0,1.495,-0.01,0.0,0.0,-0.042,-0.153,0.001,0.001,0.002,0.001,0.001,0.008
0.0,0.0,-0.05,4.975,0.0,-0.01,0.0,0.01,0.0,0.0,0.003,0.0,10.467,-0.1,-28.344,0.0,-0.043,0.0,0.001,0.001,0.0,1.495,-0.01,0.0,0.0,-0.043,-0.156,0.001,0.001,0.002,0.001,0.001,0.008
0.0,0.0,-0.051,4.975,0.0,-0.01,0.0,0.01,0.0,0.0,0.003,0.0,10.492,-0.1,-28.344,0.0,-0.044,0.0,0.001,0.001,0.0,1.495,-0.01,0.0,0.0,-0.044,-0.159,0.001,0.001,0.002,0.001,0.001,0.008
0.0,0.0,-0.052,4.975,0.0,-0.011,0.0,0.01,0.0,0.0,0.003,0.0,10.516,-0.1,-28.344,0.0,-0.045,0.0,0.001,0.001,0.0,1.495,-0.011,0.0,0.0,-0.045,-0.161,0.001,0.001,0.002,0.001,0.001,0.008
0.0,0.0,-0.053,4.975,0.0,-0.011,0.0,0.01,0.0,0.0,0.003,0.0,10.541,-0.1,-28.344,0.0,-0.046,0.0,0.001,0.001,0.0,1.495,-0.011,0.0,0.0,-0.046,-0.164,0.001,0.001,0.002,0.0,0.0,0.011
0.0,0.0,-0.054,4.975,0.0,-0.011,0.0,0.01,0.0,0.0,0.003,0.0,10.566,-0.1,-28.344,0.0,-0.046,0.0,0.001,0.001,0.0,1.495,-0.011,0.0,0.0,-0.046,-0.167,0.001,0.001,0.002,0.0,0.0,0.011
0.0,0.0,-0.055,4.975,0.0,-0.011,0.0,0.011,0.0,0.0,0.003,0.0,10.591,-0.1,-28.344,0.0,-0.047,0.0,0.001,0.001,0.0,1.495,-0.011,0.0,0.0,-0.047,-0.17,0.001,0.001,0.002,0.0,0.0,0.011
0.0,0.0,-0.056,4.975,0.0,-0.011,0.0,0.011,0.0,0.0,0.003,0.0,10.616,-0.1,-28.344,0.0,-0.048,0.0,0.001,0.001,0.0,1.495,-0.011,0.0,0.0,-0.048,-0.173,0.001,0.001,0.002,0.0,0.0,0.011
0.0,0.0,-0.057,4.975,0.0,-0.012,0.0,0.011,0.0,0.0,0.003,0.0,10.641,-0.1,-28.344,0.0,-0.049,0.0,0.001,0.001,0.0,1.495,-0.012,0.0,0.0,-0.049,-0.177,0.001,0.001,0.002,0.0,0.0,0.011
0.0,0.0,-0.058,4.975,0.0,-0.012,0.0,0.011,0.0,0.0,0.003,0.0,10.666,-0.1,-28.344,0.0,-0.05,0.0,0.001,0.001,0.0,1.495,-0.012,0.0,0.0,-0.05,-0.18,0.001,0.001,0.002,0.0,0.0,0.011
0.0,0.0,-0.059,4.975,0.0,-0.012,0.0,0.011,0.0,0.0,0.003,0.0,10.691,-0.1,-28.344,0.0,-0.051,0.0,0.001,0.001,0.0,1.495,-0.012,0.0,0.0,-0.051,-0.183,0.001,0.001,0.002,0.0,0.0,0.011
0.0,0.0,-0.06,4.975,0.0,-0.012,0.0,0.012,0.0,0.0,0.003,0.0,10.716,-0.1,-28.345,0.0,-0.052,0.0,0.001,0.001,0.0,1.494,-0.012,0.0,0.0,-0.052,-0.186,0.001,0.001,0.002,0.0,0.0,0.011
0.0,0.0,-0.061,4.975,0.0,-0.012,0.0,0.012,0.0,0.0,0.003,0.0,10.74,-0.1,-28.345,0.0,-0.053,0.0,0.001,0.001,0.0,1.494,-0.012,0.0,0.0,-0.053,-0.19,0.001,0.001,0.002,0.0,0.0,0.011
0.0,0.0,-0.062,4.975,0.0,-0.013,0.0,0.012,0.0,0.0,0.003,0.0,10.765,-0.1,-28.345,0.0,-0.054,0.0,0.001,0.001,0.0,1.494,-0.013,0.0,0.0,-0.054,-0.193,0.001,0.001,0.002,0.0,0.0,0.011
0.0,0.0,-0.063,4.975,0.0,-0.013,0.0,0.012,0.0,0.0,0.003,0.0,10.79,-0.1,-28.345,0.0,-0.055,0.0,0.001,0.001,0.0,1.494,-0.013,0.0,0.0,-0.055,-0.197,0.001,0.001,0.002,0.0,0.0,0.011
0.0,0.0,-0.064,4.975,0.0,-0.013,0.0,0.012,0.0,0.0,0.003,0.0,10.815,-0.1,-28.345,0.0,-0.056,0.0,0.001,0.001,0.0,1.494,-0.013,0.0,0.0,-0.056,-0.2,0.001,0.001,0.002,0.0,0.0,0.011
0.0,0.0,-0.065,4.975,0.0,-0.013,0.0,0.013,0.0,0.0,0.004,0.0,10.84,-0.1,-28.345,0.0,-0.057,0.0,0.001,0.001,0.0,1.494,-0.013,0.0,0.0,-0.057,-0.204,0.001,0.001,0.002,0.0,0.0,0.011
0.0,0.0,-0.066,4.975,0.0,-0.014,0.0,0.013,0.0,0.0,0.004,0.0,10.865,-0.1,-28.345,0.0,-0.058,0.0,0.001,0.001,0.0,1.494,-0.014,0.0,0.0,-0.058,-0.207,0.001,0.001,0.002,0.0,0.0,0.011
0.0,0.0,-0.068,4.975,0.0,-0.014,0.0,0.013,0.0,0.0,0.004,0.0,10.89,-0.1,-28.345,0.0,-0.059,0.0,0.001,0.001,0.0,1.494,-0.014,0.0,0.0,-0.059,-0.211,0.001,0.001,0.002,0.0,0.0,0.011
0.0,0.0,-0.069,4.975,0.0,-0.014,0.0,0.013,0.0,0.0,0.004,0.0,10.915,-0.1,-28.345,0.0,-0.06,0.0,0.001,0.001,0.0,1.494,-0.014,0.0,0.0,-0.06,-0.215,0.001,0.001,0.002,0.0,0.0,0.011
0.0,0.0,-0.07,4.975,0.0,-0.014,0.0,0.014,0.0,0.0,0.004,0.0,10.939,-0.1,-28.345,0.0,-0.061,0.0,0.001,0.001,0.0,1.493,-0.014,0.0,0.0,-0.061,-0.219,0.001,0.001,0.002,0.0,0.0,0.011
0.0,0.0,-0.071,4.975,0.0,-0.015,0.0,0.014,0.0,0.0,0.004,0.0,10.964,-0.1,-28.345,0.0,-0.062,0.0,0.001,0.001,0.0,1.493,-0.015,0.0,0.0,-0.062,-0.223,0.001,0.001,0.002,0.0,0.0,0.011
0.0,0.0,-0.073,4.975,0.0,-0.015,0.0,0.014,0.0,0.0,0.004,0.0,10.989,-0.1,-28.346,0.0,-0.063,0.0,0.001,0.001,0.0,1.493,-0.015,0.0,0.0,-0.063,-0.227,0.001,0.001,0.002,0.0,0.0,0.011
0.0,0.0,-0.074,4.975,0.0,-0.015,0.0,0.014,0.0,0.0,0.004,0.0,11.014,-0.1,-28.346,0.0,-0.064,0.0,0.001,0.001,0.0,1.493,-0.015,0.0,0.0,-0.064,-0.231,0.001,0.001,0.002,0.0,0.0,0.011
0.0,0.0,-0.075,4.975,0.0,-0.015,0.0,0.014,0.0,0.0,0.004,0.0,11.039,-0.1,-28.346,0.0,-0.065,0.0,0.001,0.001,0.0,1.493,-0.015,0.0,0.0,-0.065,-0.235,0.001,0.001,0.002,-0.001,-0.001,0.015
0.0,0.0,-0.077,4.975,0.0,-0.016,0.0,0.015,0.0,0.0,0.004,0.0,11.064,-0.1,-28.346,0.0,-0.067,0.0,0.001,0.001,0.0,1.493,-0.016,0.0,0.0,-0.067,-0.239,0.001,0.001,0.002,-0.001,-0.001,0.015
0.0,0.0,-0.078,4.975,0.0,-0.016,0.0,0.015,0.0,0.0,0.004,0.0,11.089,-0.1,-28.346,0.0,-0.068,0.0,0.001,0.001,0.0,1.493,-0.016,0.0,0.0,-0.068,-0.244,0.001,0.001,0.002,-0.001,-0.001,0.015
0.0,0.0,-0.08,4.975,0.0,-0.016,0.0,0.015,0.0,0.0,0.004,0.0,11.114,-0.1,-28.346,0.0,-0.069,0.0,0.001,0.001,0.0,1.492,-0.016,0.0,0.0,-0.069,-0.248,0.001,0.001,0.002,-0.001,-0.001,0.015
0.0,0.0,-0.081,4.975,0.0,-0.017,0.0,0.016,0.0,0.0,0.004,0.0,11.138,-0.1,-28.346,0.0,-0.07,0.0,0.001,0.001,0.0,1.492,-0.017,0.0,0.0,-0.07,-0.252,0.001,0.001,0.002,-0.001,-0.001,0.015
0.0,0.0,-0.083,4.975,0.0,-0.017,0.0,0.016,0.0,0.0,0.004,0.0,11.163,-0.1,-28.346,0.0,-0.072,0.0,0.001,0.001,0.0,1.492,-0.017,0.0,0.0,-0.072,-0.257,0.001,0.001,0.002,-0.001,-0.001,0.015
0.0,0.0,-0.084,4.975,0.0,-0.017,0.0,0.016,0.0,0.0,0.005,0.0,11.188,-0.1,-28.346,0.0,-0.073,0.0,0.001,0.001,0.0,1.492,-0.017,0.0,0.0,-0.073,-0.262,0.001,0.001,0.002,-0.001,-0.001,0.015
0.0,0.0,-0.085,4.975,0.0,-0.018,0.0,0.017,0.0,0.0,0.005,0.0,11.213,-0.1,-28.347,0.0,-0.074,0.0,0.001,0.001,0.0,1.492,-0.018,0.0,0.0,-0.074,-0.266,0.001,0.001,0.002,-0.001,-0.001,0.015
0.0,0.0,-0.087,4.975,0.0,-0.018,0.0,0.017,0.0,0.0,0.005,0.0,11.238,-0.1,-28.347,0.0,-0.076,0.0,0.001,0.001,0.0,1.492,-0.018,0.0,0.0,-0.076,-0.271,0.001,0.001,0.002,-0.001,-0.001,0.015
0.0,0.0,-0.089,4.975,0.0,-0.018,0.0,0.017,0.0,0.0,0.005,0.0,11.263,-0.1,-28.347,0.0,-0.077,0.0,0.001,0.001,0.0,1.492,-0.018,0.0,0.0,-0.077,-0.276,0.001,0.001,0.002,-0.001,-0.001,0.015
0.0,0.0,-0.09,4.975,0.0,-0.019,0.0,0.017,0.0,0.0,0.005,0.0,11.288,-0.1,-28.347,0.0,-0.078,0.0,0.001,0.001,0.0,1.491,-0.019,0.0,0.0,-0.078,-0.281,0.001,0.001,0.002,-0.001,-0.001,0.015
0.0,0.0,-0.092,4.975,0.0,-0.019,0.0,0.018,0.0,0.0,0.005,0.0,11.313,-0.1,-28.347,0.0,-0.08,0.0,0.001,0.001,0.0,1.491,-0.019,0.0,0.0,-0.08,-0.286,0.001,0.001,0.002,-0.001,-0.001,0.015
0.0,0.0,-0.093,4.975,0.0,-0.019,0.0,0.018,0.0,0.0,0.005,0.0,11.337,-0.1,-28.347,0.0,-0.081,0.0,0.001,0.001,0.001,1.491,-0.019,0.0,0.0,-0.081,-0.291,0.001,0.001,0.002,-0.001,-0.001,0.015
0.0,0.0,-0.095,4.975,0.0,-0.02,0.0,0.018,0.0,0.0,0.005,0.0,11.362,-0.1,-28.347,0.0,-0.083,0.0,0.001,0.001,0.001,1.491,-0.02,0.0,0.0,-0.083,-0.296,0.001,0.001,0.002,-0.001,-0.001,0.015
0.0,0.0,-0.097,4.975,0.0,-0.02,0.0,0.019,0.0,0.0,0.005,0.0,11.387,-0.1,-28.347,0.0,-0.084,0.0,0.001,0.001,0.001,1.491,-0.02,0.0,0.0,-0.084,-0.302,0.001,0.001,0.002,-0.001,-0.001,0.015
0.0,0.0,-0.098,4.975,0.0,-0.02,0.0,0.019,0.0,0.0,0.005,0.0,11.412,-0.1,-28.348,0.0,-0.086,0.0,0.001,0.001,0.001,1.491,-0.02,0.0,0.0,-0.086,-0.307,0.001,0.001,0.002,-0.001,-0.001,0.015
0.0,0.0,-0.1,4.975,0.0,-0.021,0.0,0.019,0.0,0.0,0.005,0.0,11.437,-0.1,-28.348,0.0,-0.087,0.0,0.001,0.001,0.001,1.49,-0.021,0.0,0.0,-0.087,-0.313,0.001,0.001,0.002,-0.001,-0.001,0.015
0.0,0.0,-0.102,4.975,0.0,-0.021,0.0,0.02,0.0,0.0,0.006,0.0,11.462,-0.1,-28.348,0.0,-0.089,0.0,0.001,0.001,0.001,1.49,-0.021,0.0,0.0,-0.089,-0.318,0.001,0.001,0.002,-0.001,-0.001,0.015
0.0,0.0,-0.104,4.975,0.0,-0.021,0.0,0.02,0.0,0.0,0.006,0.0,11.487,-0.1,-28.348,0.0,-0.09,0.0,0.001,0.001,0.001,1.49,-0.021,0.0,0.0,-0.09,-0.324,0.001,0.001,0.002,-0.001,-0.001,0.015
0.0,0.0,-0.106,4.975,0.0,-0.022,0.0,0.02,0.0,0.0,0.006,0.0,11.512,-0.1,-28.348,0.0,-0.092,0.0,0.001,0.001,0.001,1.49,-0.022,0.0,0.0,-0.092,-0.33,0.001,0.001,0.002,-0.001,-0.001,0.015
0.0,0.0,-0.108,4.975,0.0,-0.022,0.0,0.021,0.0,0.0,0.006,0.0,11.536,-0.1,-28.348,0.0,-0.094,0.0,0.001,0.001,0.001,1.49,-0.022,0.0,0.0,-0.094,-0.336,0.001,0.001,0.003,-0.003,-0.003,0.021
0.0,0.0,-0.11,4.975,0.0,-0.023,0.0,0.021,0.0,0.0,0.006,0.0,11.561,-0.1,-28.348,0.0,-0.095,0.0,0.001,0.001,0.001,1.49,-0.023,0.0,0.0,-0.095,-0.342,0.001,0.001,0.003,-0.003,-0.003,0.021
0.0,0.0,-0.112,4.975,0.0,-0.023,0.0,0.022,0.0,0.0,0.006,0.0,11.586,-0.1,-28.349,0.0,-0.097,0.0,0.001,0.001,0.001,1.489,-0.023,0.0,0.0,-0.097,-0.348,0.001,0.001,0.003,-0.003,-0.003,0.021
0.0,0.0,-0.114,4.975,0.0,-0.023,0.0,0.022,0.0,0.0,0.006,0.0,11.611,-0.1,-28.349,0.0,-0.099,0.0,0.001,0.001,0.001,1.489,-0.023,0.0,0.0,-0.099,-0.355,0.001,0.001,0.003,-0.003,-0.003,0.021
0.0,0.0,-0.116,4.975,0.0,-0.024,0.0,0.022,0.0,0.0,0.006,0.0,11.636,-0.1,-28.349,0.0,-0.101,0.0,0.001,0.001,0.001,1.489,-0.024,0.0,0.0,-0.101,-0.361,0.001,0.001,0.003,-0.003,-0.003,0.021
0.0,0.0,-0.118,4.975,0.0,-0.024,0.0,0.023,0.0,0.0,0.006,0.0,11.661,-0.1,-28.349,0.0,-0.103,0.0,0.001,0.001,0.001,1.489,-0.024,0.0,0.0,-0.103,-0.367,0.001,0.001,0.003,-0.003,-0.003,0.021
0.0,0.0,-0.12,4.975,0.0,-0.025,0.0,0.023,0.0,0.0,0.007,0.0,11.686,-0.1,-28.349,0.0,-0.104,0.0,0.001,0.001,0.001,1.489,-0.025,0.0,0.0,-0.104,-0.374,0.001,0.001,0.003,-0.003,-0.003,0.021
0.0,0.0,-0.122,4.975,0.0,-0.025,0.0,0.024,0.0,0.0,0.007,0.0,11.711,-0.1,-28.349,0.0,-0.106,0.0,0.001,0.001,0.001,1.488,-0.025,0.0,0.0,-0.106,-0.381,0.001,0.001,0.003,-0.003,-0.003,0.021
0.0,0.0,-0.124,4.975,0.0,-0.026,0.0,0.024,0.0,0.0,0.007,0.0,11.735,-0.1,-28.35,0.0,-0.108,0.0,0.001,0.001,0.001,1.488,-0.026,0.0,0.0,-0.108,-0.388,0.001,0.001,0.003,-0.003,-0.003,0.021
0.0,0.0,-0.126,4.975,0.0,-0.026,0.0,0.024,0.0,0.0,0.007,0.0,11.76,-0.1,-28.35,0.0,-0.11,0.0,0.001,0.001,0.001,1.488,-0.026,0.0,0.0,-0.11,-0.395,0.001,0.001,0.003,-0.003,-0.003,0.021
0.0,0.0,-0.129,4.975,0.0,-0.026,0.0,0.025,0.0,0.0,0.007,0.0,11.785,-0.1,-28.35,0.0,-0.112,0.0,0.001,0.001,0.001,1.488,-0.026,0.0,0.0,-0.112,-0.402,0.001,0.001,0.003,-0.003,-0.003,0.021
0.0,0.0,-0.131,4.975,0.0,-0.027,0.0,0.025,0.0,0.0,0.007,0.0,11.81,-0.1,-28.35,0.0,-0.114,0.0,0.001,0.001,0.001,1.487,-0.027,0.0,0.0,-0.114,-0.409,0.001,0.001,0.003,-0.003,-0.003,0.021
0.0,0.0,-0.133,4.975,0.0,-0.027,0.0,0.026,0.0,0.0,0.007,0.0,11.835,-0.1,-28.35,0.0,-0.116,0.0,0.001,0.001,0.001,1.485,-0.027,0.0,0.0,-0.116,-0.416,0.001,0.001,0.003,-0.003,-0.003,0.021
0.0,0.0,-0.136,4.975,0.0,-0.028,0.0,0.026,0.0,0.0,0.007,0.0,11.86,-0.1,-28.351,0.0,-0.118,0.0,0.001,0.001,0.001,1.483,-0.028,0.0,0.0,-0.118,-0.424,0.001,0.001,0.003,-0.003,-0.003,0.021
0.0,0.0,-0.138,4.975,0.0,-0.028,0.0,0.027,0.0,0.0,0.008,0.0,11.885,-0.1,-28.351,0.0,-0.121,0.0,0.001,0.001,0.001,1.482,-0.028,0.0,0.0,-0.121,-0.432,0.001,0.001,0.003,-0.003,-0.003,0.021
0.0,0.0,-0.141,4.975,0.0,-0.029,0.0,0.027,0.0,0.0,0.008,0.0,11.91,-0.1,-28.351,0.0,-0.123,0.0,0.001,0.001,0.001,1.48,-0.029,0.0,0.0,-0.123,-0.439,0.001,0.001,0.003,-0.003,-0.003,0.021
0.0,0.0,-0.143,4.975,0.0,-0.029,0.0,0.028,0.0,0.0,0.008,0.0,11.934,-0.1,-28.351,0.0,-0.125,0.0,0.001,0.001,0.001,1.478,-0.029,0.0,0.0,-0.125,-0.447,0.001,0.001,0.003,-0.003,-0.003,0.021
0.0,0.0,-0.146,4.975,0.0,-0.03,0.0,0.028,0.0,0.0,0.008,0.0,11.959,-0.1,-28.351,0.0,-0.127,0.0,0.001,0.001,0.001,1.476,-0.03,0.0,0.0,-0.127,-0.455,0.001,0.001,0.003,-0.003,-0.003,0.021
0.0,0.0,-0.148,4.975,0.0,-0.031,0.0,0.029,0.0,0.0,0.008,0.0,11.984,-0.1,-28.352,0.0,-0.13,0.0,0.001,0.001,0.001,1.474,-0.031,0.0,0.0,-0.13,-0.464,0.001,0.001,0.003,-0.003,-0.003,0.021
0.0,0.0,-0.151,4.975,0.0,-0.031,0.0,0.029,0.0,0.0,0.008,0.0,12.009,-0.1,-28.352,0.0,-0.132,0.0,0.001,0.001,0.001,1.473,-0.031,0.0,0.0,-0.132,-0.472,0.001,0.001,0.003,-0.003,-0.003,0.021
0.0,0.0,-0.154,4.975,0.0,-0.032,0.0,0.03,0.0,0.0,0.008,0.0,12.034,-0.1,-28.352,0.0,-0.134,0.0,0.001,0.001,0.001,1.471,-0.032,0.0,0.0,-0.134,-0.48,0.001,0.001,0.004,-0.005,-0.005,0.029
0.0,0.0,-0.157,4.975,0.0,-0.032,0.0,0.03,0.0,0.0,0.009,0.0,12.059,-0.1,-28.352,0.0,-0.137,0.0,0.001,0.001,0.001,1.469,-0.032,0.0,0.0,-0.137,-0.489,0.001,0.001,0.004,-0.005,-0.005,0.029
0.0,0.0,-0.16,4.975,0.0,-0.033,0.0,0.031,0.0,0.0,0.009,0.0,12.084,-0.1,-28.352,0.0,-0.139,0.0,0.001,0.001,0.001,1.467,-0.033,0.0,0.0,-0.139,-0.498,0.001,0.001,0.004,-0.005,-0.005,0.029
0.0,0.0,-0.162,4.975,0.0,-0.033,0.0,0.031,0.0,0.0,0.009,0.0,12.109,-0.1,-28.353,0.0,-0.142,0.0,0.001,0.001,0.001,1.465,-0.033,0.0,0.0,-0.142,-0.507,0.001,0.001,0.004,-0.005,-0.005,0.029
0.0,0.0,-0.165,4.975,0.0,-0.034,0.0,0.032,0.0,0.0,0.009,0.0,12.133,-0.1,-28.353,0.0,-0.144,0.0,0.001,0.001,0.001,1.464,-0.034,0.0,0.0,-0.144,-0.516,0.001,0.001,0.004,-0.005,-0.005,0.029
0.0,0.0,-0.168,4.975,0.0,-0.035,0.0,0.032,0.0,0.0,0.009,0.0,12.158,-0.1,-28.353,0.0,-0.147,0.0,0.001,0.001,0.001,1.462,-0.035,0.0,0.001,-0.147,-0.525,0.001,0.001,0.004,-0.005,-0.005,0.029
0.0,0.0,-0.171,4.975,0.0,-0.035,0.0,0.033,0.0,0.0,0.009,0.0,12.183,-0.1,-28.353,0.0,-0.15,0.0,0.001,0.001,0.001,1.46,-0.035,0.0,0.001,-0.15,-0.535,0.001,0.001,0.004,-0.005,-0.005,0.029
0.0,0.0,-0.175,4.975,0.0,-0.036,0.0,0.034,0.0,0.0,0.009,0.0,12.208,-0.1,-28.354,0.0,-0.152,0.0,0.001,0.001,0.001,1.458,-0.036,0.0,0.001,-0.152,-0.544,0.001,0.001,0.004,-0.005,-0.005,0.029
0.0,0.0,-0.178,4.975,0.0,-0.037,0.0,0.034,0.0,0.0,0.01,0.0,12.233,-0.1,-28.354,0.0,-0.155,0.0,0.001,0.001,0.001,1.456,-0.037,0.0,0.001,-0.155,-0.554,0.001,0.001,0.004,-0.005,-0.005,0.029
0.0,0.0,-0.181,4.975,0.0,-0.037,0.0,0.035,0.0,0.0,0.01,0.0,12.258,-0.1,-28.354,0.0,-0.158,0.0,0.001,0.001,0.001,1.454,-0.037,0.0,0.001,-0.158,-0.564,0.001,0.001,0.004,-0.005,-0.005,0.029
0.0,0.0,-0.184,4.975,0.0,-0.038,0.0,0.036,0.0,0.0,0.01,0.0,12.283,-0.1,-28.354,0.0,-0.161,0.0,0.001,0.001,0.001,1.452,-0.038,0.0,0.001,-0.161,-0.574,0.001,0.001,0.004,-0.005,-0.005,0.029
0.0,0.0,-0.187,4.975,0.0,-0.039,0.0,0.036,0.0,0.0,0.01,0.0,12.308,-0.1,-28.355,0.0,-0.164,0.0,0.001,0.001,0.001,1.451,-0.039,0.0,0.001,-0.164,-0.585,0.001,0.001,0.004,-0.005,-0.005,0.029
0.0,0.0,-0.191,4.975,0.0,-0.039,0.0,0.037,0.0,0.0,0.01,0.0,12.332,-0.1,-28.355,0.0,-0.167,0.0,0.001,0.001,0.001,1.449,-0.039,0.0,0.001,-0.167,-0.595,0.001,0.001,0.004,-0.005,-0.005,0.029
0.0,0.0,-0.194,4.975,0.0,-0.04,0.0,0.037,0.0,0.0,0.011,0.0,12.357,-0.1,-28.355,0.0,-0.17,0.0,0.001,0.001,0.001,1.447,-0.04,0.0,0.001,-0.17,-0.606,0.001,0.001,0.004,-0.005,-0.005,0.029
0.0,0.0,-0.198,4.975,0.0,-0.041,0.0,0.038,0.0,0.0,0.011,0.0,12.382,-0.1,-28.355,0.0,-0.173,0.0,0.001,0.001,0.001,1.445,-0.041,0.0,0.001,-0.173,-0.617,0.001,0.001,0.004,-0.005,-0.005,0.029
0.0,0.0,-0.201,4.975,0.0,-0.041,0.0,0.039,0.0,0.0,0.011,0.0,12.407,-0.1,-28.356,0.0,-0.176,0.0,0.001,0.001,0.001,1.443,-0.041,0.0,0.001,-0.176,-0.628,0.001,0.001,0.004,-0.005,-0.005,0.029
0.0,0.0,-0.205,4.975,0.0,-0.042,0.0,0.04,0.0,0.0,0.011,0.0,12.432,-0.1,-28.356,0.0,-0.179,0.0,0.001,0.001,0.002,1.441,-0.042,0.0,0.001,-0.179,-0.639,0.001,0.001,0.004,-0.005,-0.005,0.029
0.0,0.0,-0.209,4.975,0.0,-0.043,0.0,0.04,0.0,0.0,0.011,0.0,12.457,-0.1,-28.356,0.0,-0.182,0.0,0.001,0.001,0.002,1.439,-0.043,0.0,0.001,-0.182,-0.651,0.001,0.001,0.004,-0.005,-0.005,0.029
0.0,0.0,-0.212,4.975,0.0,-0.044,0.0,0.041,0.0,0.0,0.012,0.0,12.482,-0.1,-28.357,0.0,-0.186,0.0,0.001,0.001,0.002,1.437,-0.044,0.0,0.001,-0.186,-0.662,0.001,0.001,0.004,-0.005,-0.005,0.029
0.0,0.0,-0.216,4.975,0.0,-0.045,0.0,0.042,0.0,0.0,0.012,0.0,12.507,-0.1,-28.357,0.0,-0.189,0.0,0.001,0.001,0.002,1.435,-0.045,0.0,0.001,-0.189,-0.674,0.001,0.001,0.004,-0.005,-0.005,0.029
