acc_x,acc_y,acc_z,vel_x,vel_y,vel_z,ang_acc_roll,ang_acc_pitch,ang_acc_yaw,ang_vel_roll,ang_vel_pitch,ang_vel_yaw,x,y,z,roll,pitch,yaw,u1,u2,u3,x1,x2,x3,x4,x5,x6
0.0,0.0,0.0,0.0,0.0,0.0,0.0,0.0,0.0,0.0,0.0,0.0,0.0,0.0,-27.799999237060547,0.0,0.0,-19.999988555908203,0.0,0.0,0.0,2.0400002002716064,0.0,0.0,0.0,0.0,0.0
3.7587711811065674,-1.3680791854858398,0.0,0.37587711215019226,-0.13680791854858398,0.0,0.0,0.0,0.0,0.0,0.0,0.0,0.01930178888142109,-0.007025215309113264,-27.799999237060547,0.0,0.0,-19.999988555908203,0.0,0.0,0.0,2.0400002002716064,0.0,0.0,0.0,0.0,0.0
3.7587711811065674,-1.368078589439392,0.0,0.7517542243003845,-0.2736157774925232,0.0,0.0,0.0,0.0,0.0,0.0,0.0,0.07619133591651917,-0.027731265872716904,-27.799999237060547,0.0,0.0,-19.999988555908203,0.0,0.0,0.0,2.0400025844573975,0.0,0.0,0.0,0.0,0.0
3.7587709426879883,-1.3680782318115234,0.0,1.1276313066482544,-0.41042360663414,0.0,0.0,0.0,0.0,0.0,0.0,0.0,0.17066845297813416,-0.06211811304092407,-27.799999237060547,0.0,0.0,-19.999988555908203,0.0,0.0,0.0,2.0400025844573975,0.0,0.0,0.0,0.0,0.0
3.7587714195251465,-1.3680782318115234,0.0,1.503508448600769,-0.5472314357757568,0.0,0.0,0.0,0.0,0.0,0.0,0.0,0.30273333191871643,-0.11018572747707367,-27.799999237060547,0.0,0.0,-19.999988555908203,0.0,0.0,0.0,2.0400002002716064,0.0,0.0,0.0,0.0,0.0
3.758770227432251,-1.368078589439392,0.0,1.8793854713439941,-0.684039294719696,0.0,0.0,0.0,0.0,0.0,0.0,0.0,0.47238582372665405,-0.1719340831041336,-27.799999237060547,0.0,0.0,-19.999988555908203,0.0,0.0,0.0,2.0400025844573975,0.0,0.0,0.0,0.0,0.0
3.7587714195251465,-1.368078589439392,0.0,2.255262613296509,-0.8208471536636353,0.0,0.0,0.0,0.0,0.0,0.0,0.0,0.6796261668205261,-0.24736329913139343,-27.799999237060547,0.0,0.0,-19.999988555908203,0.0,0.0,0.0,2.0400004386901855,0.0,0.0,0.0,0.0,0.0
3.7587594985961914,-1.368078589439392,0.0,2.631138563156128,-0.9576550126075745,0.0,0.0,0.0,0.0,0.0,0.0,0.0,0.9244542717933655,-0.3364733159542084,-27.799999237060547,0.0,0.0,-19.999988555908203,0.0,0.0,0.0,2.0400028228759766,0.0,0.0,0.0,0.0,0.0
3.758716583251953,-1.368078589439392,0.0,3.0070102214813232,-1.0944628715515137,0.0,0.0,0.0,0.0,0.0,0.0,0.0,1.2068694829940796,-0.43926408886909485,-27.799999237060547,0.0,0.0,-19.999988555908203,0.0,0.0,0.0,2.0400028228759766,0.0,0.0,0.0,0.0,0.0
3.758714199066162,-1.3680779933929443,0.0,3.3828816413879395,-1.231270670890808,0.0,0.0,0.0,0.0,0.0,0.0,0.0,1.526871919631958,-0.5557355880737305,-27.799999237060547,0.0,0.0,-19.999988555908203,0.0,0.0,0.0,2.0400002002716064,0.0,0.0,0.0,0.0,0.0
3.758714199066162,-1.3680779933929443,0.0,3.3828816413879395,-1.231270670890808,0.0,0.0,0.0,0.0,0.0,0.0,0.0,1.526871919631958,-0.5557355880737305,-27.799999237060547,0.0,0.0,-19.999988555908203,0.0,0.0,0.0,2.0400002002716064,0.0,0.0,0.0,0.0,0.0
0.0,0.0,-0.009439319372177124,3.3828816413879395,-1.231270670890808,0.0,-0.00764370197430253,-0.008219035342335701,0.0,0.0,0.0,0.0,1.8651597499847412,-0.6788627505302429,-27.800048828125,-0.0012817380484193563,0.0030462639406323433,-19.999988555908203,0.9640955412906412,0.4500022710760774,0.9940049767494202,2.0400173664093018,0.0,-0.0012817380484193563,-0.02504959114885423,0.0030462639406323433,0.04709507184452377
0.0,0.0,-0.00938844308257103,3.3828816413879395,-1.231270670890808,-0.0018827762687578797,-0.006430689245462418,-0.004018857609480619,0.0,-0.0014074391219764948,-0.001223789295181632,0.0,2.2034475803375244,-0.8019908666610718,-27.800189971923828,-0.005157470237463713,0.010723395273089409,-19.999988555908203,1.1585929397837509,0.6078284917015968,0.6556739857259439,2.040036916732788,-0.0018827762687578797,-0.005157470237463713,-0.05179918751819059,0.010723395273089409,0.07012312661390752
0.0,0.0,-0.00933548528701067,3.3828816413879395,-1.231270670890808,-0.002816324820742011,-0.005257139913737774,-0.0016759964637458324,0.0,-0.0019331531366333365,-0.0013913889415562153,0.0,2.5417354106903076,-0.9251189827919006,-27.800426483154297,-0.011627198196947575,0.02106430009007454,-19.99998664855957,1.2536164542377413,0.7374778502780345,0.4669699565625764,2.040017604827881,-0.002816324820742011,-0.011627198196947575,-0.07682136084185913,0.02106430009007454,0.07972658635117114
0.0,0.0,-0.009272376075387001,3.3828816413879395,-1.231270670890808,-0.0037435623817145824,-0.0040994081646203995,0.0,0.0,-0.002343093976378441,-0.001427032402716577,0.0,2.880028247833252,-1.0482470989227295,-27.800756454467773,-0.0204162560403347,0.032853204756975174,-19.999988555908203,1.292727438773229,0.851176113149306,0.36057243879755463,2.0399322509765625,-0.0037435623817145824,-0.0204162560403347,-0.0981958377524279,0.032853204756975174,0.08176895667565987
0.0,0.0,-0.009191217832267284,3.3828816413879395,-1.231270670890808,-0.004662684164941311,-0.0029585580341517925,0.0,0.0,-0.00263894977979362,-0.0013872452545911074,0.0,3.2183215618133545,-1.1713752746582031,-27.801177978515625,-0.031097406521439552,0.04531146585941315,-19.999975204467773,1.2997329659344197,0.9539612426099976,0.2995699733893693,2.039771795272827,-0.004662684164941311,-0.031097406521439552,-0.11490577231161296,0.04531146585941315,0.07948915308807045
0.0,0.0,-0.009087007492780685,3.3828816413879395,-1.231270670890808,-0.005571384914219379,-0.0018496694974601269,0.0,0.0,-0.002823916729539633,-0.0013035746524110436,0.0,3.556614637374878,-1.2945034503936768,-27.80169105529785,-0.043182373046875,0.0579131580889225,-19.999975204467773,1.287904435489661,1.0472642779485293,0.26400308745136475,2.0395257472991943,-0.005571384914219379,-0.043182373046875,-0.12650494154077022,0.0579131580889225,0.0746948275831528
0.0,0.0,-0.008954028598964214,3.3828816413879395,-1.231270670890808,-0.006466787774115801,0.0,0.001098335487768054,0.0,-0.00290295691229403,-0.0011937411036342382,0.0,3.8949077129364014,-1.4176316261291504,-27.80229377746582,-0.056152328848838806,0.07024165242910385,-19.99995994567871,1.2644648805996943,1.1307097462429505,0.2428496563580247,2.039182424545288,-0.006466787774115801,-0.056152328848838806,-0.13291330493520945,0.07024165242910385,0.06840136523824185
0.0,0.0,-0.008787084370851517,3.3828816413879395,-1.231270670890808,-0.0073454962112009525,0.0,0.0012570619583129883,0.0,-0.0028828156646341085,-0.0010680349078029394,0.0,4.233201026916504,-1.540759801864624,-27.802988052368164,-0.0695190355181694,0.08197592943906784,-19.999942779541016,1.2330673944606252,1.202953471635815,0.23010836847167668,2.0387344360351562,-0.0073454962112009525,-0.0695190355181694,-0.13429238435346633,0.08197592943906784,0.06119840021710843
0.0,0.0,-0.008582421578466892,3.3828816413879395,-1.231270670890808,-0.008203738369047642,0.0011105253361165524,0.0013527646660804749,0.0,-0.0027717631310224533,0.0,0.0,4.571494102478027,-1.6638880968093872,-27.80376625061035,-0.0827636569738388,0.0929042249917984,-19.999929428100586,1.1956359494602697,1.2625868640965288,0.22251485105519306,2.0381836891174316,-0.008203738369047642,-0.0827636569738388,-0.13096395609900355,0.0929042249917984,0.053447058680467306
0.0,0.0,-0.008338289335370064,3.3828816413879395,-1.2312735319137573,-0.009037567302584648,0.0019192765466868877,0.0014092627679929137,0.0,-0.0025798354763537645,0.0,0.0,4.909787178039551,-1.7870162725448608,-27.804630279541016,-0.09545895457267761,0.10277384519577026,-19.999910354614258,1.1537336768710134,1.3082430882485998,0.2183094302078469,2.0375306606292725,-0.009037567302584648,-0.09545895457267761,-0.12339158670511097,0.10277384519577026,0.04537198301986791
0.0,0.0,-0.00805445946753025,3.3828816413879395,-1.2312763929367065,-0.009843013249337673,0.0026176730170845985,0.0014339009067043662,0.0,-0.0023180681746453047,0.0,0.0,5.248080730438232,-1.9101444482803345,-27.80557632446289,-0.10723873227834702,0.11142769455909729,-19.99988555908203,1.1076706772918565,1.3388135734280642,0.21671743617400333,2.0367655754089355,-0.009843013249337673,-0.10723873227834702,-0.11210700287483633,0.11142769455909729,0.037155730824451894
0.0,0.0,-0.00772855244576931,3.3828816413879395,-1.2312791347503662,-0.010615868493914604,0.0032015773467719555,0.0014364853268489242,0.0,-0.001997910439968109,0.0,0.0,5.586374282836914,-2.0332727432250977,-27.806596755981445,-0.11770623177289963,0.11874966323375702,-19.9998722076416,1.0576455485427139,1.3536354618492064,0.216756467098718,2.035900115966797,-0.010615868493914604,-0.11770623177289963,-0.09768349580699577,0.11874966323375702,0.028924669901607556
0.0,0.0,-0.007363734766840935,3.3828816413879395,-1.2312819957733154,-0.011352241970598698,0.0036612991243600845,0.0014201386366039515,0.0,-0.0016317805275321007,0.0,0.0,5.924667835235596,-2.1564009189605713,-27.807689666748047,-0.1265868991613388,0.12461677938699722,-19.999858856201172,1.0043594479167235,1.3522116774867592,0.21825692869875657,2.0349292755126953,-0.011352241970598698,-0.1265868991613388,-0.08075259769102558,0.12461677938699722,0.020787275847396813
0.0,0.0,-0.006959270685911179,3.3828816413879395,-1.2312848567962646,-0.012048169039189816,0.003998398315161467,0.0013870364055037498,0.0,-0.001231940696015954,0.0,0.0,6.262961387634277,-2.279529094696045,-27.80886459350586,-0.133697509765625,0.128988116979599,-19.99984359741211,0.9476637785433704,1.3344600082284028,0.2207635570956204,2.033851385116577,-0.012048169039189816,-0.133697509765625,-0.061941751639824356,0.128988116979599,0.01283955691033043
0.0,0.0,-0.006516873836517334,3.3828816413879395,-1.2312877178192139,-0.012699856422841549,0.0042178938165307045,0.0013408663216978312,0.0,0.0,0.0,0.0,6.601254940032959,-2.4026572704315186,-27.810110092163086,-0.1388854682445526,0.13180215656757355,-19.99984359741211,0.8876987298862707,1.3009275451358076,0.22378095324361452,2.032665729522705,-0.012699856422841549,-0.1388854682445526,-0.04185853906092234,0.13180215656757355,0.005156393053766806
0.0,0.0,-0.00603875145316124,3.3828816413879395,-1.2312904596328735,-0.013303731568157673,0.004325866233557463,0.001281848642975092,0.0,0.0,0.0,0.0,6.939548015594482,-2.525785446166992,-27.811405181884766,-0.14199823141098022,0.13309304416179657,-19.999828338623047,0.8243569740654199,1.2521675193775397,0.22701971829112405,2.0313940048217773,-0.013303731568157673,-0.14199823141098022,-0.02107830236200243,0.13309304416179657,-0.0021885998372454195
0.0,0.0,-0.005531953647732735,3.3828816413879395,-1.2312933206558228,-0.013856926932930946,0.004322925582528114,0.0012113878037780523,0.0,0.0,0.0,0.0,7.277841567993164,-2.6489176750183105,-27.812761306762695,-0.1430358737707138,0.13285398483276367,-19.999828338623047,0.7586205785704472,1.1891662161392431,0.23051348428464183,2.030036449432373,-0.013856926932930946,-0.1430358737707138,0.0,0.13285398483276367,-0.009129852286423556
0.0,0.0,-0.004998696967959404,3.3828816413879395,-1.231296181678772,-0.014356796629726887,0.004222254268825054,0.0011298004537820816,0.0,0.0,0.0,0.0,7.616135120391846,-2.7720515727996826,-27.81418228149414,-0.14199823141098022,0.13115327060222626,-19.999839782714844,0.6903419561581103,1.1132229175576387,0.23389770150323963,2.028578519821167,-0.014356796629726887,-0.14199823141098022,0.02034451991203241,0.13115327060222626,-0.01560360922012478
0.0,0.0,-0.004438972100615501,3.3828816413879395,-1.231296181678772,-0.014800693839788437,0.004037854261696339,0.0010453222785145044,0.0,0.0,0.0,0.0,7.954428672790527,-2.8951854705810547,-27.81562614440918,-0.138946533203125,0.12805919349193573,-19.99984359741211,0.6194868940435598,1.0255181312392225,0.2362579186345253,2.027066946029663,-0.014800693839788437,-0.138946533203125,0.04003751918789931,0.12805919349193573,-0.02159330587601289
0.0,0.0,-0.003866013139486313,3.3828816413879395,-1.231296181678772,-0.015187295153737068,0.003773641074076295,0.0,0.0,0.001258102827705443,0.0,0.0,8.29272174835205,-3.0183193683624268,-27.817140579223633,-0.13400264084339142,0.12366055697202682,-19.999849319458008,0.5471866175342714,0.9279817335739473,0.23851399283353453,2.0254597663879395,-0.015187295153737068,-0.13400264084339142,0.058496748015750194,0.12366055697202682,-0.02703076207253616
0.0,0.0,-0.003273654729127884,3.3828816413879395,-1.231296181678772,-0.015514660626649857,0.0034533871803432703,0.0,0.0,0.00160344154573977,0.0,0.0,8.63101577758789,-3.141453266143799,-27.818675994873047,-0.12725825607776642,0.11806664615869522,-19.999866485595703,0.4726727519130078,0.82189040832976,0.23895939564129623,2.023805856704712,-0.015514660626649857,-0.12725825607776642,0.07541550564346834,0.11806664615869522,-0.03193047468666919
0.0,0.0,-0.002674683928489685,3.3828816413879395,-1.231296181678772,-0.015782129019498825,0.003078689333051443,0.0,0.0,0.0019113104790449142,0.0,0.0,8.969308853149414,-3.264586925506592,-27.82021141052246,-0.1189575046300888,0.11141403019428253,-19.9998779296875,0.39724422653848224,0.7090919108653003,0.23865664252578067,2.022132635116577,-0.015782129019498825,-0.1189575046300888,0.09051341683370992,0.11141403019428253,-0.03625511671998538
0.0,0.0,-0.002080090343952179,3.3828816413879395,-1.231296181678772,-0.015990138053894043,0.0026634172536432743,0.0,0.0,0.0021776522044092417,0.0,0.0,9.307601928710938,-3.387720823287964,-27.821828842163086,-0.10922237485647202,0.10380520671606064,-19.999893188476562,0.3217531271375379,0.5920007087734267,0.2376978795658097,2.0203566551208496,-0.015990138053894043,-0.10922237485647202,0.10358614783035591,0.10380520671606064,-0.039963345474097876
0.0,0.0,-0.0014709867537021637,3.3828816413879395,-1.231296181678772,-0.01613723672926426,0.002234575804322958,0.0,0.0,0.0024011097848415375,0.0,0.0,9.645895957946777,-3.510854721069336,-27.823453903198242,-0.0983276292681694,0.09541089832782745,-19.999910354614258,0.24450652958676222,0.47098067300614227,0.23345844863843931,2.0185537338256836,-0.01613723672926426,-0.0983276292681694,0.1145290569635108,0.09541089832782745,-0.04314746868330985
0.0,0.0,0.0,3.3828816413879395,-1.231296181678772,-0.016224129125475883,0.0017931568436324596,0.0,0.0,0.0025804254692047834,0.0,0.0,9.9841890335083,-3.633988618850708,-27.82508087158203,-0.08642574399709702,0.08634041994810104,-19.999929428100586,0.16719298154545237,0.34859445863634014,0.2280324114706582,2.016738176345825,-0.016224129125475883,-0.08642574399709702,0.12328054793179034,0.08634041994810104,-0.04578946906258352
0.0,0.0,0.0,3.3828816413879395,-1.231296181678772,-0.01625191606581211,0.0013456214219331741,0.0,0.0,0.002714987611398101,0.0,0.0,10.32248306274414,-3.75712251663208,-27.826705932617188,-0.073760986328125,0.07674399763345718,-19.999942779541016,0.09045366787525833,0.22613247715274215,0.22136283405338855,2.014904022216797,-0.01625191606581211,-0.073760986328125,0.12980972919613123,0.07674399763345718,-0.04788366993307136
0.0,0.0,0.0,3.3828816413879395,-1.231296181678772,-0.01622183434665203,0.0,0.0,0.0,0.002805649070069194,0.0,0.0,10.660776138305664,-3.880256175994873,-27.828330993652344,-0.06054685637354851,0.06675826758146286,-19.999958038330078,0.01443061044496261,0.10508394358554807,0.2128674831089802,2.0130691528320312,-0.01622183434665203,-0.06054685637354851,0.13415195492561907,0.06675826758146286,-0.049460675998125224
0.0,0.0,0.0,3.3828816413879395,-1.231296181678772,-0.016135692596435547,0.0,0.0,0.0,0.002853900194168091,0.0,0.0,10.999069213867188,-4.003390312194824,-27.829957962036133,-0.0470275841653347,0.056512970477342606,-19.999971389770508,-0.06029315961474295,-0.013181004999221039,0.20283282816747952,2.011229991912842,-0.016135692596435547,-0.0470275841653347,0.13637984124943614,0.056512970477342606,-0.050542947161011396
0.0,0.0,0.0014043785631656647,3.3828816413879395,-1.231296181678772,-0.01599525474011898,0.0,0.0,0.0,0.0028623943217098713,0.0,0.0,11.337363243103027,-4.126523971557617,-27.83158302307129,-0.033355712890625,0.04613109305500984,-19.999975204467773,-0.13369806312318194,-0.1274759049884349,0.1909675866357373,2.0093839168548584,-0.01599525474011898,-0.033355712890625,0.13662262433208525,0.04613109305500984,-0.05117034357972443
0.0,0.0,0.001929253339767456,3.3828816413879395,-1.231296181678772,-0.015802329406142235,0.0,0.0,0.0,0.0028343102894723415,0.0,0.0,11.67565631866455,-4.24965763092041,-27.83320426940918,-0.0198059044778347,0.03572871908545494,-19.999988555908203,-0.2056177480606619,-0.2371861112176566,0.1771415037635434,2.007544755935669,-0.015802329406142235,-0.0198059044778347,0.13503192686475812,0.03572871908545494,-0.05139987885486334
0.0,0.0,0.0024311989545822144,3.3828816413879395,-1.231296181678772,-0.015559209510684013,0.0,0.0,0.0,0.0027736108750104904,0.0,0.0,12.01395034790039,-4.372791767120361,-27.834739685058594,-0.006469726096838713,0.025408299639821053,-19.999988555908203,-0.27585191280755983,-0.3410604379594358,0.16176551763789868,2.005793809890747,-0.015559209510684013,-0.006469726096838713,0.1318100814241916,0.025408299639821053,-0.05126400878070853
0.0,0.0,0.002892129123210907,3.3828816413879395,-1.231296181678772,-0.015269996598362923,0.0,0.0,0.0,0.0026826909743249416,0.0,0.0,12.352243423461914,-4.495925426483154,-27.83627700805664,0.0064837271347641945,0.015285960398614407,-19.999988555908203,-0.34211066883329805,-0.4380024644413367,0.14679212112750067,2.0040433406829834,-0.015269996598362923,0.0064837271347641945,0.12710075934883205,0.015285960398614407,-0.05071954123559408
0.0,0.0,0.0033323001116514206,3.3828816413879395,-1.231296181678772,-0.01493676658719778,-0.0011643674224615097,0.0,0.0,0.0025662542320787907,0.0,0.0,12.690536499023438,-4.6190595626831055,-27.837812423706055,0.01888567954301834,0.005416339263319969,-19.999988555908203,-0.40600062664355224,-0.5281720039948093,0.12940180928172898,2.002305269241333,-0.01493676658719778,0.01888567954301834,0.12111826026812195,0.005416339263319969,-0.04988050342071801
0.0,0.0,0.003748694434762001,3.3828816413879395,-1.231296181678772,-0.01456189714372158,-0.0013713794760406017,0.0,0.0,0.0024291162844747305,0.0,0.0,13.028830528259277,-4.742193222045898,-27.839263916015625,0.030636372044682503,-0.004118603654205799,-19.999988555908203,-0.46771714548666443,-0.6112371611898466,0.11048975720415925,2.000649929046631,-0.01456189714372158,0.030636372044682503,0.1141026189783588,-0.004118603654205799,-0.04880316850030794
0.0,0.0,0.004125805571675301,3.3828816413879395,-1.231296181678772,-0.01414931658655405,-0.0015443633310496807,0.0,0.0,0.0022746799513697624,0.0,0.0,13.3671236038208,-4.865326881408691,-27.840709686279297,0.04164234548807144,-0.01324373483657837,-19.999988555908203,-0.52545066578282,-0.6863736816241673,0.09194663681358865,1.9990148544311523,-0.01414931658655405,0.04164234548807144,0.1062453283346258,-0.01324373483657837,-0.04746334888623096
0.0,0.0,0.0044791121035814285,3.3828816413879395,-1.231296181678772,-0.013701405376195908,-0.001670138444751501,0.0,0.0,0.0021076661068946123,0.0,0.0,13.70541763305664,-4.988461017608643,-27.84209442138672,0.05183088406920433,-0.021904416382312775,-19.999977111816406,-0.5803122157887565,-0.7540398770478173,0.07181328142578709,1.9974474906921387,-0.013701405376195908,0.05183088406920433,0.0977700401446782,-0.021904416382312775,-0.045950390567304565
0.0,0.0,0.0047980062663555145,3.3828816413879395,-1.231296181678772,-0.013221604749560356,-0.0017595640383660793,0.0,0.0,0.0019317097030580044,0.0,0.0,14.043710708618164,-5.1115946769714355,-27.843448638916016,0.061150114983320236,-0.030121125280857086,-19.999975204467773,-0.6313163756600947,-0.8139080565428266,0.051698013865571955,1.9959245920181274,-0.013221604749560356,0.061150114983320236,0.0888683006283827,-0.030121125280857086,-0.04427639067289419
0.0,0.0,0.005089119076728821,3.3828816413879395,-1.231296181678772,-0.012712692841887474,-0.0018092221580445766,0.0,0.0,0.0017507874872535467,0.0,0.0,14.382003784179688,-5.234717845916748,-27.84473419189453,0.06956769526004791,-0.037777770310640335,-19.999971389770508,-0.6792370244654158,-0.8665101438993436,0.031099627602026846,1.994479775428772,-0.012712692841887474,0.06956769526004791,0.07974274253938347,-0.037777770310640335,-0.042475032387301326
0.0,0.0,0.005345819517970085,3.3828816413879395,-1.231296181678772,-0.012178110890090466,-0.0018286926206201315,0.0,0.0,0.0015679182251915336,0.0,0.0,14.720297813415527,-5.357840538024902,-27.845993041992188,0.0770692229270935,-0.04492214322090149,-19.99995994567871,-0.7227513729292775,-0.9115340743118096,0.010752846358525431,1.9930741786956787,-0.012178110890090466,0.0770692229270935,0.0705476434668526,-0.04492214322090149,-0.040570506633957844
0.0,0.0,0.005578268319368362,3.3828816413879395,-1.231296181678772,-0.01162028405815363,-0.0018125830683857203,0.0,0.0,0.0013866599183529615,0.0,0.0,15.05859088897705,-5.480963230133057,-27.84716796875,0.0836566835641861,-0.05154060199856758,-19.999956130981445,-0.7631764051115767,-0.9498829761534514,-0.01008706275537201,1.9917560815811157,-0.01162028405815363,0.0836566835641861,0.061457052652258426,-0.05154060199856758,-0.038614026928553355
0.0,0.0,0.005776751786470413,3.3828816413879395,-1.231296181678772,-0.011042608879506588,-0.0017742905765771866,0.0,0.0,0.0012092308606952429,0.0,0.0,15.396883964538574,-5.604085445404053,-27.848302841186523,0.08934694528579712,-0.05761945992708206,-19.99994659423828,-0.7994348496611272,-0.9814833618256603,-0.029950099384332282,1.9904969930648804,-0.011042608879506588,0.08934694528579712,0.052595947083318606,-0.05761945992708206,-0.036589427076978605
0.0,0.0,0.005949651822447777,3.3828816413879395,-1.231296181678772,-0.01044764369726181,-0.0017113599460572004,0.0,0.0,0.0010380948660895228,0.0,0.0,15.735177993774414,-5.727208137512207,-27.84938621520996,0.09416904300451279,-0.06313826888799667,-19.999940872192383,-0.8320121216240056,-1.0069520840273445,-0.049743647298909434,1.9892939329147339,-0.01044764369726181,0.09416904300451279,0.04408310009166598,-0.06313826888799667,-0.03453731100889854
0.0,0.0,0.006098290905356407,3.3828816413879395,-1.231296181678772,-0.00983781460672617,-0.0016273953951895237,0.0,0.0,0.0,0.0,0.0,16.073471069335938,-5.850330829620361,-27.850387573242188,0.09816285967826843,-0.0681447833776474,-19.999940872192383,-0.8609739094984405,-1.0267647804933013,-0.06936466078411971,1.9881932735443115,-0.00983781460672617,0.09816285967826843,0.036017369938781484,-0.0681447833776474,-0.032499753520824015
0.0,0.0,0.006213635206222534,3.3828816413879395,-1.231296181678772,-0.009216451086103916,-0.001535253250040114,0.0,0.0,0.0,0.0,0.0,16.41176414489746,-5.973453044891357,-27.851341247558594,0.10137603431940079,-0.07266636937856674,-19.999929428100586,-0.8855743877756596,-1.0410335681061462,-0.08730591368348792,1.987143635749817,-0.009216451086103916,0.10137603431940079,0.02845596367260441,-0.07266636937856674,-0.030438255256740376
0.0,0.0,0.0063089001923799515,3.3828816413879395,-1.231296181678772,-0.008585561066865921,-0.001427805982530117,0.0,0.0,0.0,0.0,0.0,16.750059127807617,-6.096575736999512,-27.852245330810547,0.10386253893375397,-0.07671668380498886,-19.999927520751953,-0.9069645083055085,-1.0506926215422667,-0.10509436707517697,1.9861555099487305,-0.008585561066865921,0.10386253893375397,0.021466554509242994,-0.07671668380498886,-0.028395884932251647
0.0,0.0,0.006383005529642105,3.3828816413879395,-1.231296181678772,-0.00794726051390171,-0.0013113528257235885,0.0,0.0,0.0,0.0,0.0,17.08835220336914,-6.219698429107666,-27.853057861328125,0.10568174719810486,-0.08029568940401077,-19.99991798400879,-0.9250640880547141,-1.056166504185929,-0.12218515898807333,1.9852644205093384,-0.00794726051390171,0.10568174719810486,0.01509230455267243,-0.08029568940401077,-0.026388265087734907
0.0,0.0,0.0064288778230547905,3.3828816413879395,-1.2312989234924316,-0.0073043727315962315,-0.0011965215671807528,0.0,0.0,0.0,0.0,0.0,17.426645278930664,-6.34282112121582,-27.853816986083984,0.10689513385295868,-0.08340343832969666,-19.999910354614258,-0.9389928932767605,-1.0574776782660331,-0.13763037138789846,1.984444260597229,-0.0073043727315962315,0.10689513385295868,0.009332558416645043,-0.08340343832969666,-0.024391740115243008
0.0,0.0,0.006453800015151501,3.3828816413879395,-1.2313017845153809,-0.006658992730081081,-0.0010807841317728162,0.0,0.0,0.0,0.0,0.0,17.764938354492188,-6.465943336486816,-27.854522705078125,0.10756388306617737,-0.08614916354417801,-19.999910354614258,-0.9492212025328414,-1.055182287251992,-0.1522892753518162,1.9836803674697876,-0.006658992730081081,0.10756388306617737,0.004182569136901293,-0.08614916354417801,-0.02243445827043615
0.0,0.0,0.006462400779128075,3.3828816413879395,-1.23130464553833,-0.006012752652168274,0.0,0.0,0.0,0.0,0.0,0.0,18.10323143005371,-6.589066028594971,-27.85515594482422,0.1077493205666542,-0.0885055735707283,-19.999914169311523,-0.9567882300296175,-1.050093123175674,-0.16611183893241854,1.9829992055892944,-0.006012752652168274,0.1077493205666542,0.0,-0.0885055735707283,-0.020519999996758995
0.0,0.0,0.006449390202760696,3.3828816413879395,-1.2313073873519897,-0.005367813631892204,0.0,0.0,0.0,0.0,0.0,0.0,18.441526412963867,-6.712188720703125,-27.855716705322266,0.1075112521648407,-0.09048633277416229,-19.999910354614258,-0.9608361669315001,-1.042164343471499,-0.17851355462911928,1.9823940992355347,-0.005367813631892204,0.1075112521648407,-0.0043028771229728585,-0.09048633277416229,-0.01863657668000087
0.0,0.0,0.006417017430067062,3.3828816413879395,-1.231310248374939,-0.004726111888885498,0.0,0.0,0.0,0.0,0.0,0.0,18.77981948852539,-6.835310935974121,-27.856224060058594,0.10690589249134064,-0.09216655790805817,-19.999910354614258,-0.9615137928384835,-1.0317164240399475,-0.18974705678201145,1.9818543195724487,-0.004726111888885498,0.10690589249134064,-0.007713021452946122,-0.09216655790805817,-0.01678850919997785
0.0,0.0,0.006368998438119888,3.3828816413879395,-1.2313131093978882,-0.004089212045073509,0.0,0.0,0.0,0.0,0.0,0.0,19.118112564086914,-6.958433628082275,-27.85667610168457,0.10598558932542801,-0.09350527822971344,-19.999910354614258,-0.9594975901335706,-1.0192769601472778,-0.19990379618368892,1.9813711643218994,-0.004089212045073509,0.10598558932542801,-0.010616240779927465,-0.09350527822971344,-0.014971910265740006
0.0,0.0,0.006307801231741905,3.3828816413879395,-1.2313158512115479,-0.0034584319218993187,0.0,0.0,0.0,0.0,0.0,0.0,19.456405639648438,-7.08155632019043,-27.857040405273438,0.10479862987995148,-0.09457077831029892,-19.999908447265625,-0.9547189434611385,-1.0050198416557021,-0.20935541841478408,1.9809855222702026,-0.0034584319218993187,0.10479862987995148,-0.013058452581753954,-0.09457077831029892,-0.013214190198050346
0.0,0.0,0.006224552635103464,3.3828816413879395,-1.231318712234497,-0.0028359766583889723,0.0,0.0,0.0,0.0,0.0,0.0,19.79469871520996,-7.204679012298584,-27.85735321044922,0.10338777303695679,-0.095363087952137,-19.999908447265625,-0.94668626591818,-0.988877075958718,-0.2167620239767542,1.9806584119796753,-0.0028359766583889723,0.10338777303695679,-0.015106351164286025,-0.095363087952137,-0.011462997310445644
0.0,0.0,0.006128970999270678,3.3828816413879395,-1.231318712234497,-0.0022230795584619045,0.0,0.0,0.0,0.0,0.0,0.0,20.132991790771484,-7.32780122756958,-27.857616424560547,0.1017896831035614,-0.09592316299676895,-19.999910354614258,-0.9361211713088322,-0.9712583312742091,-0.22348237970091236,1.9803822040557861,-0.0022230795584619045,0.1017896831035614,-0.016811249268357642,-0.09592316299676895,-0.009741544449934735
0.0,0.0,0.006023421883583069,3.3828816413879395,-1.231318712234497,-0.0016207373701035976,0.0,0.0,0.0,0.0,0.0,0.0,20.47128677368164,-7.450923919677734,-27.857797622680664,0.10003664344549179,-0.09621687233448029,-19.999910354614258,-0.9235568766179407,-0.9524930718499023,-0.22947467875227404,1.980196475982666,-0.0016207373701035976,0.10003664344549179,-0.018214606327819637,-0.09621687233448029,-0.00805989004438743
0.0,0.0,0.0058988165110349655,3.3828816413879395,-1.231318712234497,-0.0010308556957170367,0.0,0.0,0.0,0.0,0.0,0.0,20.809579849243164,-7.574046611785889,-27.857927322387695,0.09815497696399689,-0.09631248563528061,-19.999910354614258,-0.9078981080783403,-0.932151847210513,-0.2337901140873271,1.9800647497177124,-0.0010308556957170367,0.09815497696399689,-0.019390194152947515,-0.09631248563528061,-0.0063905766619427595
0.0,0.0,0.005764229688793421,3.3828816413879395,-1.231318712234497,0.0,0.0,0.0,0.0,0.0,0.0,0.0,21.147872924804688,-7.697168827056885,-27.858016967773438,0.09616527706384659,-0.09616222232580185,-19.999910354614258,-0.8903402491668887,-0.9107595997863573,-0.23738724199334366,1.9799766540527344,0.0,0.09616527706384659,-0.02037924204196315,-0.09616222232580185,-0.004741563576681073
0.0,0.0,0.005622347816824913,3.3828816413879395,-1.231318712234497,0.0,0.0,0.0,0.0,0.0,0.0,0.0,21.48616600036621,-7.820291519165039,-27.858016967773438,0.09408421069383621,-0.09582754224538803,-19.999910354614258,-0.8709315340768845,-0.8883529916960906,-0.240605163905153,1.9799836874008179,0.0,0.09408421069383621,-0.021222287218552082,-0.09582754224538803,-0.003146448088955367
0.0,0.0,0.0054612597450613976,3.3828816413879395,-1.231318712234497,0.0,0.0,0.0,0.0,0.0,0.0,0.0,21.824459075927734,-7.943414211273193,-27.857982635498047,0.0919233188033104,-0.09527430683374405,-19.99991226196289,-0.8489606405568336,-0.8646003723168467,-0.241803795198658,1.9800275564193726,0.0,0.0919233188033104,-0.021978494551149197,-0.09527430683374405,-0.001542068808339536
0.0,0.0,0.005294959060847759,3.3828816413879395,-1.231318712234497,0.001183423912152648,0.0,0.0,0.0,0.0,0.0,0.0,22.16275405883789,-8.066536903381348,-27.857892990112305,0.08968976885080338,-0.09454345703125,-19.999916076660156,-0.8254224560760213,-0.8398827965804931,-0.2429708363050161,1.9801372289657593,0.001183423912152648,0.08968976885080338,-0.022676972861518152,-0.09454345703125,0.0
0.0,0.0,0.005116789601743221,3.3828816413879395,-1.231318712234497,0.0016951028956100345,0.0,0.0,0.0,0.0,0.0,0.0,22.501047134399414,-8.189659118652344,-27.85774040222168,0.08738765120506287,-0.09363505244255066,-19.999927520751953,-0.8001125229465234,-0.8140782696864837,-0.24297147313224962,1.980308175086975,0.0016951028956100345,0.08738765120506287,-0.023350995092187077,-0.09363505244255066,0.0015714294451754538
0.0,0.0,0.004927903413772583,3.3828816413879395,-1.231318712234497,0.002187893260270357,0.0,0.0,0.0,0.0,0.0,0.0,22.839340209960938,-8.31278133392334,-27.857561111450195,0.08501788228750229,-0.09252172708511353,-19.999929428100586,-0.7730863012140304,-0.7871549633559008,-0.242091907103606,1.9805079698562622,0.002187893260270357,0.08501788228750229,-0.0240295383206103,-0.09252172708511353,0.0031094306479644727
0.0,0.0,0.0047361827455461025,3.3828816413879395,-1.231318712234497,0.0026615115348249674,0.0,0.0,0.0,0.0,0.0,0.0,23.17763328552246,-8.435904502868652,-27.857301712036133,0.0825795978307724,-0.09121716767549515,-19.999929428100586,-0.7450017489224865,-0.7593535380875587,-0.241263750865234,1.9807958602905273,0.0026615115348249674,0.0825795978307724,-0.024721264318213795,-0.09121716767549515,0.004592619130562525
0.0,0.0,0.004527738783508539,3.3828816413879395,-1.231318712234497,0.0031142854131758213,0.0,0.0,0.0,0.0,0.0,0.0,23.515926361083984,-8.559026718139648,-27.857030868530273,0.08006951957941055,-0.08972134441137314,-19.999929428100586,-0.7147416918087607,-0.7301319013997357,-0.23869076642508882,1.981095790863037,0.0031142854131758213,0.08006951957941055,-0.025462883053114636,-0.08972134441137314,0.006072843991569243
0.0,0.0,0.004320649895817041,3.3828816413879395,-1.231318712234497,0.0035463504027575254,0.0,0.0,0.0,0.0,0.0,0.0,23.85422134399414,-8.682149887084961,-27.856679916381836,0.07748342305421829,-0.08807528018951416,-19.999929428100586,-0.6839781323598496,-0.7001590436020569,-0.23663863466950502,1.9814841747283936,0.0035463504027575254,0.07748342305421829,-0.026242182328132913,-0.08807528018951416,0.007486974066705443
0.0,0.0,0.004096918273717165,3.3828816413879395,-1.231318712234497,0.003956042230129242,0.0,0.0,0.0,0.0,0.0,0.0,24.192514419555664,-8.805272102355957,-27.8563175201416,0.07481619715690613,-0.08621064573526382,-19.999935150146484,-0.6513998049819568,-0.6688347678955953,-0.23268452832123038,1.9818836450576782,0.003956042230129242,0.07481619715690613,-0.02708178547618445,-0.08621064573526382,0.008906513996771536
0.0,0.0,0.0038749491795897484,3.3828816413879395,-1.231318712234497,0.004343537148088217,0.0,0.0,0.0,0.0,0.0,0.0,24.530807495117188,-8.928394317626953,-27.85589027404785,0.07206270843744278,-0.08420255780220032,-19.999940872192383,-0.6182243648284189,-0.6366383359193242,-0.22942439015971955,1.9823527336120605,0.004343537148088217,0.07206270843744278,-0.0279682028805837,-0.08420255780220032,0.010253614568500779
0.0,0.0,0.0036410661414265633,3.3828816413879395,-1.231318712234497,0.004707643762230873,0.0,0.0,0.0,0.0,0.0,0.0,24.86910057067871,-9.051517486572266,-27.855438232421875,0.06921801716089249,-0.08200324326753616,-19.99993896484375,-0.5838333637262185,-0.603290652524613,-0.22469791129689654,1.9828503131866455,0.004707643762230873,0.06921801716089249,-0.028904614748898893,-0.08200324326753616,0.011582697855192236
0.0,0.0,0.003405190072953701,3.3828816413879395,-1.231318712234497,0.005048162769526243,0.0,0.0,0.0,0.0,0.0,0.0,25.207393646240234,-9.174639701843262,-27.854965209960938,0.06627774983644485,-0.07961950451135635,-19.999942779541016,-0.5487359507041276,-0.5689902275405988,-0.22002782782623015,1.9833728075027466,0.005048162769526243,0.06627774983644485,-0.02987897231359966,-0.07961950451135635,0.012856433523120358
0.0,0.0,0.003168233670294285,3.3828816413879395,-1.231318712234497,0.005364986136555672,0.0,0.0,0.0,0.0,0.0,0.0,25.54568862915039,-9.297761917114258,-27.85442352294922,0.06323908269405365,-0.07709233462810516,-19.999942779541016,-0.5132438005459349,-0.5338880579523632,-0.21524096643202534,1.9839680194854736,0.005364986136555672,0.06323908269405365,-0.03087142387521453,-0.07709233462810516,0.014053534026606938
0.0,0.0,0.0029188068583607674,3.3828816413879395,-1.231318712234497,0.005656866822391748,0.0,0.0,0.0,0.0,0.0,0.0,25.883981704711914,-9.42088508605957,-27.8538818359375,0.06010012701153755,-0.07440123707056046,-19.999954223632812,-0.47652790577444787,-0.49763172332679617,-0.2089094256168936,1.9845637083053589,0.005656866822391748,0.06010012701153755,-0.03188554487423971,-0.07440123707056046,0.015232370432931928
0.0,0.0,0.0026744557544589043,3.3828816413879395,-1.231318712234497,0.005924312397837639,0.0,0.0,0.0,0.0,0.0,0.0,26.222274780273438,-9.544007301330566,-27.85331916809082,0.056860342621803284,-0.07152573019266129,-19.999956130981445,-0.439975828575696,-0.46084477407423174,-0.20329013804454962,1.9851833581924438,0.005924312397837639,0.056860342621803284,-0.03288751871441491,-0.07152573019266129,0.01632975717075169
0.0,0.0,0.0024296576157212257,3.3828816413879395,-1.231318712234497,0.006167278159409761,0.0,0.0,0.0,0.0,0.0,0.0,26.56056785583496,-9.667129516601562,-27.85268783569336,0.0535220205783844,-0.06851361691951752,-19.999958038330078,-0.4031721720775311,-0.4234129801217209,-0.19741894950604916,1.9858813285827637,0.006167278159409761,0.0535220205783844,-0.03385821412084624,-0.06851361691951752,0.01733348037523683
0.0,0.0,0.0021714111790060997,3.3828816413879395,-1.231318712234497,0.006384419277310371,0.0,0.0,0.0,0.0,0.0,0.0,26.898860931396484,-9.790252685546875,-27.852054595947266,0.05008767917752266,-0.06536489725112915,-19.99995994567871,-0.3651106910228025,-0.38492800672103494,-0.18974818072700364,1.9861915111541748,0.006384419277310371,0.05008767917752266,-0.03480769035522826,-0.06536489725112915,0.018316161178518087
0.0,0.0,0.002010413445532322,3.3828816413879395,-1.231318712234497,0.006585460621863604,0.0,0.0,0.0,0.0,0.0,0.0,27.23715591430664,-9.913374900817871,-27.851423263549805,0.04657364636659622,-0.06212738901376724,-19.999961853027344,-0.33672369748913583,-0.35046116349014705,-0.1923673900238102,1.9819341897964478,0.006585460621863604,0.04657364636659622,-0.03546047506970353,-0.06212738901376724,0.018764989025657996
0.0,0.0,0.0029318220913410187,3.3828816413879395,-1.231318712234497,0.0068786428309977055,0.0,0.0,0.0,0.0,0.0,0.0,27.575448989868164,-10.036497116088867,-27.85075569152832,0.04315965622663498,-0.059169918298721313,-19.999971389770508,-0.4210326979288917,-0.3686937846112865,-0.30540753735871373,1.9790526628494263,0.0068786428309977055,0.04315965622663498,-0.0328942326712422,-0.059169918298721313,0.013516650117526296
0.0,0.0,0.003527933731675148,3.3828816413879395,-1.231318712234497,0.00723143620416522,0.0013613863848149776,0.0011296606389805675,0.0,0.0,0.0,0.0,27.913742065429688,-10.15962028503418,-27.850032806396484,0.04013317450881004,-0.056970592588186264,-19.99997329711914,-0.4957259677580078,-0.3908255484222486,-0.34390213549890336,1.9749687910079956,0.00723143620416522,0.04013317450881004,-0.027777809006511233,-0.056970592588186264,0.007043694489402696
0.0,0.0,0.004408098757266998,3.3828816413879395,-1.231318712234497,0.00767224607989192,0.0020440968219190836,0.0014548121253028512,0.0,0.0,0.0,0.0,28.25203514099121,-10.282742500305176,-27.84931182861328,0.03777436167001724,-0.055816300213336945,-19.99997329711914,-0.6046765510594216,-0.43714857551026354,-0.401190725464287,1.9615377187728882,0.00767224607989192,0.03777436167001724,-0.019622599452850407,-0.055816300213336945,-0.0012923789468914037
0.0,0.0,0.007492522709071636,3.3828816413879395,-1.231318712234497,0.008421498350799084,0.004380849655717611,0.0034947413951158524,0.0,0.0,0.0,0.0,28.590328216552734,-10.405865669250488,-27.84849739074707,0.036671750247478485,-0.05667006969451904,-19.999971389770508,-0.9471604024144396,-0.6031304388121576,-0.6741564670834853,1.9481579065322876,0.008421498350799084,0.036671750247478485,-0.002883090172326774,-0.05667006969451904,-0.02131724651553668
0.0,0.0,0.010550720617175102,3.3828816413879395,-1.231318712234497,0.009476570412516594,0.006289881654083729,0.004427348263561726,0.0,0.0,0.0,0.0,28.92862319946289,-10.528987884521484,-27.847606658935547,0.037676941603422165,-0.060665737837553024,-19.999967575073242,-1.3370665568972067,-0.818836419076911,-0.8574020634789669,1.9347972869873047,0.009476570412516594,0.037676941603422165,0.02230779195379,-0.060665737837553024,-0.04668595073162578
0.0,0.0,0.013589411973953247,3.3828816413879395,-1.231318712234497,0.010835511609911919,0.007792930118739605,0.004752143751829863,0.0,0.0014901439426466823,0.0012899779248982668,0.0,29.266916275024414,-10.65211009979248,-27.846580505371094,0.04158392176032066,-0.06854094564914703,-19.999961853027344,-1.7487130017198942,-1.0765281963447142,-0.9913795793637438,1.9214904308319092,0.010835511609911919,0.04158392176032066,0.05495521416887641,-0.06854094564914703,-0.07391573509667068
0.0,0.0,0.016598934307694435,3.3828816413879395,-1.2313215732574463,0.012495405040681362,0.008896802552044392,0.004724578466266394,0.0,0.002379824174568057,0.0017624357715249062,0.0,29.605209350585938,-10.775233268737793,-27.845415115356445,0.04906335845589638,-0.08063036948442459,-19.99995231628418,-2.1675661573018044,-1.3713390858835917,-1.0967221432982575,1.9082376956939697,0.012495405040681362,0.04906335845589638,0.09360040279570966,-0.08063036948442459,-0.10098756970837712
0.0,0.0,0.019577089697122574,3.3828816413879395,-1.231324315071106,0.01445311401039362,0.00961843691766262,0.004499820061028004,0.0,0.0033416678197681904,0.0022124177776277065,0.0,29.94350242614746,-10.898355484008789,-27.844064712524414,0.0606292262673378,-0.09698867052793503,-19.999942779541016,-2.585578597561241,-1.6996675847378822,-1.1861550051964382,1.8950928449630737,0.01445311401039362,0.0606292262673378,0.13657166096381843,-0.09698867052793503,-0.1267715386580676
0.0,0.0,0.022509349510073662,3.3828816413879395,-1.2313271760940552,0.016704048961400986,0.009969486854970455,0.0041579874232411385,0.0,0.004338616505265236,0.0026282165199518204,0.0,30.281795501708984,-11.021477699279785,-27.84250831604004,0.07662330567836761,-0.11758170276880264,-19.999910354614258,-2.9967525300250166,-2.057516549558964,-1.2658556138447565,1.8820664882659912,0.016704048961400986,0.07662330567836761,0.18210308128036556,-0.11758170276880264,-0.1505968065932393
0.0,0.0,0.025389567017555237,3.3828816413879395,-1.231332778930664,0.01924300566315651,0.009977240115404129,0.003750855103135109,0.0,0.005336340516805649,0.0030033020302653313,0.0,30.62009048461914,-11.144600868225098,-27.840707778930664,0.09721338003873825,-0.14230015873908997,-19.999876022338867,-3.3983837347472114,-2.441261665254963,-1.3402810505507827,1.8692079782485962,0.01924300566315651,0.09721338003873825,0.2284740897361189,-0.14230015873908997,-0.17208920633420347
0.0,0.0,0.028202291578054428,3.3828816413879395,-1.2313385009765625,0.022063234820961952,0.009667454287409782,0.003298926167190075,0.0,0.006303085945546627,0.0033331946469843388,0.0,30.958383560180664,-11.267723083496094,-27.838642120361328,0.12240006774663925,-0.1708025187253952,-19.999813079833984,-3.788216196508306,-2.8466469527729243,-1.4111603558926025,1.8565363883972168,0.022063234820961952,0.12240006774663925,0.2740629038773477,-0.1708025187253952,-0.1909920532722026
0.0,0.0,0.030938703566789627,3.3828930854797363,-1.2313469648361206,0.025157105177640915,0.00907648354768753,0.00283045694231987,0.0,0.00721073430031538,0.0036162403412163258,0.0,31.296676635742188,-11.39084529876709,-27.836273193359375,0.15202908217906952,-0.20278829336166382,-19.99972915649414,-4.164321536609034,-3.268880116718178,-1.4807971702496683,1.8441017866134644,0.025157105177640915,0.15202908217906952,0.3173876903951168,-0.20278829336166382,-0.20721057155169545
0.0,0.0,0.03358161076903343,3.382904291152954,-1.231358289718628,0.028515266254544258,0.008238647133111954,0.0023500132374465466,0.0,0.008034599013626575,0.0038512416649609804,0.0,31.63496971130371,-11.513968467712402,-27.833587646484375,0.18580716848373413,-0.23788179457187653,-19.99962615966797,-4.5252668809922625,-3.70289621657853,-1.5495695688859243,1.8319225311279297,0.028515266254544258,0.18580716848373413,0.35714274644851685,-0.23788179457187653,-0.22067614740226416
0.0,0.0,0.03612136468291283,3.382915496826172,-1.2313752174377441,0.03212740272283554,0.007197437807917595,0.001869595143944025,0.0,0.008754342794418335,0.004038201179355383,0.0,31.973262786865234,-11.637090682983398,-27.830551147460938,0.22332127392292023,-0.27559807896614075,-19.999515533447266,-4.870284582640423,-4.143589320321002,-1.6186698883099677,1.820046067237854,0.03212740272283554,0.22332127392292023,0.39223289326764643,-0.27559807896614075,-0.23138892757706342
0.0,0.0,0.03854282200336456,3.3829269409179688,-1.23139488697052,0.035981684923172,0.0059920549392700195,0.0013955868780612946,0.0,0.009353548288345337,0.004177759867161512,0.0,32.31155776977539,-11.760212898254395,-27.82714080810547,0.26405879855155945,-0.31549322605133057,-19.99936294555664,-5.1977230187024555,-4.585290429227387,-1.6883749142024762,1.8085006475448608,0.035981684923172,0.26405879855155945,0.4217617359012365,-0.31549322605133057,-0.23938564038835464
0.0,0.0,0.04083380103111267,3.3829381465911865,-1.2314202785491943,0.040065065026283264,0.004664706066250801,0.0,0.0,0.009820018894970417,0.004270988516509533,0.0,32.64984893798828,-11.883336067199707,-27.823333740234375,0.30742889642715454,-0.357020765542984,-19.999177932739258,-5.506875998701559,-5.022700508868258,-1.7590957986605857,1.7973202466964722,0.040065065026283264,0.30742889642715454,0.44505140818655486,-0.357020765542984,-0.24472764199599623
0.0,0.0,0.04298180341720581,3.382960796356201,-1.231451392173767,0.044363245368003845,0.003256024792790413,0.0,0.0,0.010145621374249458,0.004319678992033005,0.0,32.98814392089844,-12.006458282470703,-27.81910514831543,0.35278356075286865,-0.399716317653656,-19.99894905090332,-5.796449680604199,-5.450344553506401,-1.8311697951657824,1.7865437269210815,0.044363245368003845,0.35278356075286865,0.46162907145917415,-0.399716317653656,-0.24751760624349117
0.0,0.0,0.04497546702623367,3.3829832077026367,-1.2314881086349487,0.04886079207062721,0.0018042698502540588,0.0,0.0,0.010326048359274864,0.004325468093156815,0.0,33.326438903808594,-12.129626274108887,-27.814437866210938,0.39943787455558777,-0.44305387139320374,-19.998687744140625,-6.06566353191938,-5.863166232546156,-1.9043232368971574,1.776193618774414,0.04886079207062721,0.39943787455558777,0.4712305166758597,-0.44305387139320374,-0.24784932173788546
0.0,0.0,0.04680328071117401,3.3830058574676514,-1.2315304279327393,0.053541120141744614,0.0,0.0,0.0,0.010360748507082462,0.004290647339075804,0.0,33.664730072021484,-12.25279426574707,-27.80931282043457,0.4466910660266876,-0.48654162883758545,-19.99832534790039,-6.313666722703704,-6.256372585586614,-1.9788710753048657,1.7663002014160156,0.053541120141744614,0.4466910660266876,0.47378172688186165,-0.48654162883758545,-0.24585409252904356
0.0,0.0,0.04845641553401947,3.383028507232666,-1.231581211090088,0.05838676169514656,-0.0010826997458934784,0.0,0.0,0.010252478532493114,0.004217594396322966,0.0,34.00302505493164,-12.375961303710938,-27.803712844848633,0.4938431978225708,-0.5296333432197571,-19.99793815612793,-6.5396903800751245,-6.625581120147399,-2.0545859075805812,1.7568901777267456,0.05838676169514656,0.4938431978225708,0.4693839350715279,-0.5296333432197571,-0.24166815890930593
0.0,0.0,0.04992786794900894,3.3830623626708984,-1.231637716293335,0.06337954849004745,-0.0024558883160352707,-0.0010833889245986938,0.0,0.010006889700889587,0.004109255503863096,0.0,34.34131622314453,-12.499129295349121,-27.797616958618164,0.5402120351791382,-0.5718643069267273,-19.997547149658203,-6.742628883957783,-6.96669071059865,-2.1314075946292856,1.7479968070983887,0.06337954849004745,0.5402120351791382,0.4582835798151791,-0.5718643069267273,-0.2354603403713554
0.0,0.0,0.05120694637298584,3.383096218109131,-1.231699824333191,0.06850024312734604,-0.0037487875670194626,-0.0014091981574892998,0.0,0.009632010944187641,0.003968335688114166,0.0,34.67961120605469,-12.622297286987305,-27.791015625,0.5851467847824097,-0.6128522753715515,-19.99713134765625,-6.921692813255612,-7.276184485536043,-2.2086840719436944,1.7396345138549805,0.06850024312734604,0.5851467847824097,0.4408601647708565,-0.6128522753715515,-0.2273856349289417
0.0,0.0,0.052292048931121826,3.3831300735473633,-1.231770396232605,0.07372944802045822,-0.004938645288348198,-0.00170824583619833,0.0,0.009138146415352821,0.0037975111044943333,0.0,35.017906188964844,-12.745465278625488,-27.783897399902344,0.6280409693717957,-0.652098536491394,-19.996706008911133,-7.076782021569468,-7.5513622376392995,-2.2861158534624924,1.7318174839019775,0.07372944802045822,0.6280409693717957,0.41761590591631825,-0.652098536491394,-0.21759738628752529
